reviewId,userName,userImage,content,score,thumbsUpCount,reviewCreatedVersion,at,replyContent,repliedAt,appVersion
7e3c1968-c641-4a06-a17e-d4f9a9578203,A03F,https://play-lh.googleusercontent.com/a/ACg8ocKJhzH5ayqmnjUnULp9L3t6mAhWFWkOZjihCmQJ_ENc=mo,"One word , NEW UPDATE IS TRASHED. UI is stupid , they do know we rider using motorbike right ? Not car ? This new ui is just horrible , everything you click have to wait , if you got slow Internet connection , you gonna be waiting for a while. Everything you click you need to stop on the side of the road. Imagine if you on the busy highway , this is dangerous for riders.",1,0,v4.2411.3,2024-03-20 13:20:06,,,v4.2411.3
743571ab-a25b-44b4-8bdc-52997e318b73,Nhordz Tv,https://play-lh.googleusercontent.com/a-/ALV-UjXoSjK5b4Wns_tTJyMFOIHkXV5-INdzHjei49U59x436Q,"Can you put dark mode to save battery life at night, please!",2,0,,2024-03-20 12:53:02,,,
63b35ae4-dba6-485e-bb28-7645be28551a,Christopher Bicoy,https://play-lh.googleusercontent.com/a/ACg8ocI3OM_eT38uDDpota-7jNrqOUfqXHdsmzielRQe3soivw=mo,thank you Po Panda üêº,5,0,v4.2411.3,2024-03-20 12:29:55,,,v4.2411.3
f91dd1c8-70b8-4307-812a-831077e619bc,ASIF Ahmed,https://play-lh.googleusercontent.com/a/ACg8ocJhi1Iy0fg-IJkmZGuzyHFkb6OnG2QI_I1y37ue1xVp=mo,good,5,0,v4.2411.3,2024-03-20 05:02:09,,,v4.2411.3
a8aef3cb-df76-4346-b480-313bb7034913,Mohammadumer Ansari,https://play-lh.googleusercontent.com/a-/ALV-UjXYPp-HMfupOeIhpZya_C_UZ3xfw7x2ZklEV20_GIEHQw,Baray phn me bhe hang hoti hay,1,0,v4.2411.3,2024-03-20 03:21:33,,,v4.2411.3
77920289-bac9-417f-b9c5-3617fd569ed2,Rabbi Islam,https://play-lh.googleusercontent.com/a/ACg8ocITNC7WnXeP47Hra76IU5KuhR8296-hbFN1k2R4B2XA=mo,‡¶®‡¶æ‡¶á‡¶ö‚ù§Ô∏è,5,0,v4.2411.3,2024-03-20 02:41:25,,,v4.2411.3
6a08fd76-0902-4c2d-bed1-6d435434c681,Umair Ahmed,https://play-lh.googleusercontent.com/a-/ALV-UjVXfQXKofQBEbw22iaGeSlmi5cEvOCOic2TEzMs26YWEg,Worst update ever. I wish i couldn't even give 1 star. Too much heavy and slow app.,1,0,v4.2411.3,2024-03-20 02:21:21,,,v4.2411.3
1f9ee2f7-3ed1-4877-9367-cdb2bc2a35b1,Raihan khan,https://play-lh.googleusercontent.com/a/ACg8ocKzdWUDrgurK_0kd3jO8nuHe8tu4p9c2l6nnXQu-NOD=mo,Very Usefull App For Delivery,5,0,v4.2411.3,2024-03-20 02:17:41,,,v4.2411.3
82faf09b-a348-4419-acdb-1bbd85a96e7d,Abdullah Sagheerkhan,https://play-lh.googleusercontent.com/a/ACg8ocKfNLj9zecI2QcgV9Mk0Z38cHmurgmONUNBU1-nir_V=mo,Sagheer,5,0,,2024-03-20 01:36:44,,,
82571084-b80c-427d-96ac-ba53d7339939,Dennis Francisco,https://play-lh.googleusercontent.com/a-/ALV-UjVvF-bxqR3gAe7ICrEwnF-BqgwsaidqazFIkWznq-8Kog,"Walang kwenta apps to, Kawawa lang mga rider dito napaka bulok na sistema ni food panda bukod sa sobrang baba nang fare halos lahat bulok, busog lang dito customer at vendor Pero ang Rider Kawawa",1,0,v4.2411.3,2024-03-20 01:12:12,,,v4.2411.3
0c4cc52b-7666-4f17-ab66-8060482b5590,Wennie Bulahan,https://play-lh.googleusercontent.com/a/ACg8ocJnQSY8XPLqj4YlsqK0ewpTGblH6wRcIfRshEF9-cLx=mo,"Naging mahina yung apps , lagi na lang matumal sa pembo area tuwing gabi, pero pag bgc hindi naman, hindi na naging convenient sa rider yung area kasi kailangan mo pa kumuha ng shifts as a ibang area para lang kumita ka, at ang baba ng rate biruin mo na bibig yan ka ng 39 pesos na fare para sa motor rate tapos ang tagal mo mag aantay sa vendor , parang walang base fare ... Gawa naman kayo ng way na magbenifit ang rider kahit papano at yung kikita kaming riderüòû",1,0,v4.2411.3,2024-03-19 23:37:06,,,v4.2411.3
e7eb9ddb-2bdd-41b3-be55-ccf4a315e89f,Johnry Abelgas,https://play-lh.googleusercontent.com/a-/ALV-UjWAn1---I1yxdVVhmktUTQbNtMrUObSXI2lv8i8Pm0vqPE,No accurate fare per distance. Not fair for the riders,1,0,v4.2411.3,2024-03-19 20:04:10,,,v4.2411.3
1407c9d2-4317-4cae-be81-1008ed96f487,Syed Muneebp,https://play-lh.googleusercontent.com/a/ACg8ocJsog9CKBjXIChP_74Vyo3bSds2vEz5MjYhJUGUfV0Now=mo,good,5,0,v4.2411.3,2024-03-19 19:34:06,,,v4.2411.3
fa4e793d-4018-47f7-b399-028f0010f57b,Ye Myat Thu,https://play-lh.googleusercontent.com/a-/ALV-UjXwJxdwXkJbt56DKT5ixOxUlTCp8Dky4oo4DweA5uun1Q,Why did you guys update for many useless cases. You don't fix the riders really need.,2,0,v4.2411.3,2024-03-19 18:19:22,,,v4.2411.3
0b289b2f-921d-4f6f-a4e1-c3ad67ec4789,Lino Burgos,https://play-lh.googleusercontent.com/a-/ALV-UjVWE19hpAMa99aDmQgebxff9Oypj_fF0NJ9hvGxBXsVqQ,Good,5,0,,2024-03-19 17:28:07,,,
a81dbea0-ec54-41d4-a3bc-2e8874a421d7,Syed Rabbir hossain,https://play-lh.googleusercontent.com/a-/ALV-UjWZ_c6o3j6wyHJ6XCuuPCN4bjZR8Sgh4O_3TMcrTtYpsu0,This app is very good,5,0,,2024-03-19 16:56:49,,,
34dfedca-2f7f-4f48-b1a9-69b08ed1bda6,Jahidul Islam,https://play-lh.googleusercontent.com/a-/ALV-UjWlDvQ-hZMsbRRnHoMAnCDDSrDcpSZRAzD2dHZVOS-HX5o,‡¶è‡¶ï‡¶¶‡¶Æ ‡¶´‡¶æ‡¶≤‡¶§‡ßÅ ‡¶ï‡¶∞‡ßá ‡¶´‡ßá‡¶≤‡¶õ‡ßá ‡¶è‡¶á ‡¶™‡¶æ‡¶®‡ßç‡¶°‡¶æ ‡¶∞‡¶æ‡¶á‡¶°‡¶æ‡¶∞ ‡¶Ö‡ßç‡¶Ø‡¶æ‡¶™ ‡¶ü‡¶ø ‡¶ï‡ßá ‡¶Ü‡¶Æ‡¶æ‡¶¶‡ßá‡¶∞ ‡¶∞‡¶æ‡¶á‡¶°‡¶æ‡¶∞‡¶¶‡ßá‡¶∞ ‡¶ï‡ßã‡¶® ‡¶á‡¶®‡¶ï‡¶æ‡¶Æ‡ßá‡¶∞ ‡¶Ü‡¶™‡¶°‡ßá‡¶ü ‡¶®‡ßá‡¶á ‡¶ñ‡¶æ‡¶≤‡¶ø ‡¶Ö‡ßç‡¶Ø‡¶æ‡¶™‡¶∏ ‡¶è‡¶∞ ‡¶Ü‡¶™‡¶°‡ßá‡¶ü ‡¶ï‡¶∞‡¶§‡ßá ‡¶ï‡¶∞‡¶§‡ßá ‡¶è‡¶ï‡¶¶‡¶Æ ‡¶Ö‡ßç‡¶Ø‡¶æ‡¶™ ‡¶ü‡¶æ‡¶á ‡¶®‡¶∑‡ßç‡¶ü ‡¶ï‡¶á‡¶∞‡¶æ ‡¶´‡¶æ‡¶≤‡¶æ‡¶á‡¶õ‡ßá,2,0,v4.2411.3,2024-03-19 16:24:27,,,v4.2411.3
4ae84637-c440-40f6-a974-36735116a4e2,Rizwan Muhammad,https://play-lh.googleusercontent.com/a/ACg8ocLd7Up4VKwh0gfM-Wcjs9Yy3paqXpbt3zV9yAqUVLOI=mo,very bed,1,0,v4.2411.3,2024-03-19 15:03:33,,,v4.2411.3
231d680f-c2e1-436f-b620-cb79a4a21c91,Salvador Lozano,https://play-lh.googleusercontent.com/a-/ALV-UjUgboQMX9_oAqlBEil6CFyQhVF88Q9DJrXyGlaOCEJIr90,Feedback among vendors not working.,1,0,v4.2411.3,2024-03-19 13:20:05,,,v4.2411.3
57e30475-a84d-4da8-b71e-4b3ab6712efb,Ronnel Lagdaan,https://play-lh.googleusercontent.com/a-/ALV-UjWlNXdLAAzRRv0oKl_fXgOVAWHjpSlbxNXLPs2EwdW1Ew,Not good,1,0,v4.2411.3,2024-03-19 12:30:14,,,v4.2411.3
d799f9af-2ac6-4a63-b261-9719e5c66a79,FAZAL GHALIB,https://play-lh.googleusercontent.com/a-/ALV-UjWSdAZee35VhjLhBbpkU_bbFOJdEORe83mWDGUzZpRZELtf,not good working option,1,0,v4.2411.3,2024-03-19 07:02:07,,,v4.2411.3
77414819-52f7-44be-9ebe-1e72b45aa533,marlo de la Pe√±a,https://play-lh.googleusercontent.com/a/ACg8ocKJxm7BTdcBNqHmN6Lt5nmEEuuYG7dyklK4e8s8coCXQg=mo,The rate is low,1,0,v4.2411.3,2024-03-19 05:58:58,,,v4.2411.3
67680df1-6666-4389-b326-963dabca7348,junhao goh,https://play-lh.googleusercontent.com/a/ACg8ocKGuwHi_z3GuZxjKOROxl4jxOvGJl23vcvjK6ZpI7tq=mo,getting more and more worse,1,0,v4.2411.3,2024-03-19 04:33:48,,,v4.2411.3
7b02702e-550d-4f43-bba3-fe3ec5dd916a,Mobarak Ahmed,https://play-lh.googleusercontent.com/a-/ALV-UjVHcYYMMD18JxxHVcJliq7BTl1VrDJutkXljyaJ2xOZyB5A,Good,5,0,v4.2411.3,2024-03-19 03:09:25,,,v4.2411.3
ad6d7ad6-b586-4cee-8605-f7ba89a071e1,Mr. LiberoMMC,https://play-lh.googleusercontent.com/a-/ALV-UjVsR7bT3CcAyY9u95J-IQItLyW0IARHTYTyrfSrWjZxJg,Why he said im using panda clone ? Im using app panda rider .. where the clone ? Dont play2 yaa ..,1,0,v4.2411.3,2024-03-19 03:03:57,,,v4.2411.3
75eb2a4e-bf27-4952-bcfd-86d6ac166305,Ashley Paru,https://play-lh.googleusercontent.com/a-/ALV-UjU82fghMnyNbFr4zlhpMuWnujM5SXgALfhKeTeRazdYApI,Unable to install this app no matter how many time i try,1,0,,2024-03-19 02:54:50,,,
57d8adb6-009f-45f1-89e1-9e70ab737a32,Noorfirlymri Amri,https://play-lh.googleusercontent.com/a/ACg8ocIFMKXDfNF_i5lsGRIjAKIJXeXum451PFZ76ZRHaNtO=mo,This app cannot download,1,0,,2024-03-19 02:54:18,,,
a8f21c33-0261-416f-ab15-1cf9652c1ccf,Evan Kevin Teneza,https://play-lh.googleusercontent.com/a-/ALV-UjWmi1u0iLZOqOYdY73u9J9z4C4IpdiFok53MNngY4gAaA,Roadrunner will always be the better app.,1,0,v4.2411.3,2024-03-19 02:45:40,,,v4.2411.3
f7306d10-38fe-4b03-876b-d17e8caa6aa7,Shakil ahmed Rabbi,https://play-lh.googleusercontent.com/a/ACg8ocKXILwr5PpLIY4DgQ1C1WLWzea2Tp4USb48KMBH5mYB=mo,Nice rider app,5,0,v4.2411.3,2024-03-19 01:54:45,,,v4.2411.3
a2bbb84f-bfc3-4582-9a5b-b31b4a0e5f6a,Dan Luis Berwinson Vicente Aquino,https://play-lh.googleusercontent.com/a-/ALV-UjVWbdhuBq122Bawq15Jfa1XM5ovBjPbZC4BDuRgNBg9sQ,LOW INCOME AND NO BENEFITS FOR THE RIDER,1,0,,2024-03-19 01:53:54,,,
89b92555-35d9-48eb-afcc-a1e8e74cb641,Hamza Ali,https://play-lh.googleusercontent.com/a/ACg8ocIUQwUg_vk4kA9YGqY5GLHcr6L7fHmasjKI9tZfK-1C=mo,App q nahi chal Raha hai,1,0,v4.2411.3,2024-03-19 01:20:46,,,v4.2411.3
5d89962c-276b-4bad-8601-fc8a4b05cea5,My name is Md Roni Ahmed,https://play-lh.googleusercontent.com/a-/ALV-UjW0fTJ6q1wAawF4yewq8MtXFHQu-4jJaS-bcp-rC6ku3WM,Totally bad update üòê,1,0,v4.2411.3,2024-03-19 01:17:17,,,v4.2411.3
136b895f-b4d9-445e-8fcf-21c91cc769da,James Abaya,https://play-lh.googleusercontent.com/a-/ALV-UjVfzmHh6_SnAnUoNQqgSDhtNKEQroVcYfJvBt5I46v9hg,Cannot install this app.,1,0,,2024-03-19 01:08:41,,,
0573bfb2-f34a-49fd-84f4-da651f08e882,PenToniX,https://play-lh.googleusercontent.com/a/ACg8ocIYgMkNeMzS7Dysd0jVCExLSwKzZGln-RJGMXBDd3NT=mo,re-center map not function after settle the order . need force close and reopen the apps . quiet dangerous for rider while riding . not very friendly user !,1,1,v4.2411.3,2024-03-19 00:36:59,,,v4.2411.3
a8e3d9e0-24fb-4025-8d45-4da0865ecf41,Rico Cifra,https://play-lh.googleusercontent.com/a-/ALV-UjW8zps4yE70ut6ZViZmpBoiKhCzH-c1_2UPxnqjwnrbECU,Low fare,1,0,v4.2411.3,2024-03-18 23:51:33,,,v4.2411.3
a0c035df-3f8a-4685-ba79-5869ebc08408,Rasel,https://play-lh.googleusercontent.com/a/ACg8ocIU8TSNBe0nmXUpjlE5gfxXBLTs_2qM_uIiRVNmGdO8=mo,"The latest update UI is Awesome & Light. Apps now loading faster than before. But i face several bugs, such as i can't give restaurant negative review. 'Vendor Click Soon' or any other option just doesn‚Äôt work. App Crushed. Hope you guys fix it ASAP.",5,0,v4.2411.3,2024-03-18 19:10:02,,,v4.2411.3
b2251eb1-9f35-480f-b713-d2d70af40a97,Sadia Akter,https://play-lh.googleusercontent.com/a/ACg8ocLEdX8oxUcDzXXspjE0nhhQwZPcXo1CLjbp_ECwBvcn=mo,good,5,0,v4.2411.3,2024-03-18 17:31:25,,,v4.2411.3
5690088b-f882-4fd7-bb6c-56ec94cf602e,Javed Zee,https://play-lh.googleusercontent.com/a-/ALV-UjX_JxXIGMGL4emhIwepw8eNRg9Xfh8GGWAidsn3xWzYLg,great,5,0,v4.2411.3,2024-03-18 16:57:24,,,v4.2411.3
2df4ed4d-9ec3-44e3-8efe-4f7291d169d4,Sungit,https://play-lh.googleusercontent.com/a-/ALV-UjV6OhU44D6SbZHD6EbpoUbOBegced_IJOzFj7Q2KSu4A7k,Yung nag download ka netong app para may pagkakitaan ka pero dika pa nakakapag simula rejected na kaagad application mo tama lang na lowratings etong app,1,0,v4.2409.2,2024-03-18 16:45:40,,,v4.2409.2
050bd299-a92f-4443-8dc8-fd8e47a484e9,Chayon Mandel,https://play-lh.googleusercontent.com/a-/ALV-UjWZGvXZmtCU7eAHV4AJCOgX6mOBoNkt7NogShR_34dTLG4,good,5,0,v4.2411.3,2024-03-18 16:38:49,,,v4.2411.3
c89b2d9f-e3cb-429b-967a-a0978ba8e7b6,ammar malik,https://play-lh.googleusercontent.com/a-/ALV-UjVIu7ohmhzOwIIVUMzfeHuiPQUERRYI-wACeDxli8bGxQ,Good app,5,0,v4.2235.0,2024-03-18 16:23:52,,,v4.2235.0
a7703336-7ad5-4ae7-8797-ef460c006ea5,Zabed Islam,https://play-lh.googleusercontent.com/a-/ALV-UjUia7UYxtllfBdYWWcp5pdJCy_VtB53jfdeKgnnqEN2gnA,good app,5,0,v4.2411.3,2024-03-18 15:52:35,,,v4.2411.3
4a9768d1-1f87-4f5f-bfd4-37148d8615da,Vloger Maahadie,https://play-lh.googleusercontent.com/a-/ALV-UjWg53fMNO2Vwq634ApfOs5J6lSFuUEl-jSDeqyahjlu5cA,valo app but onk time a software a jamala kora jar jonno onkk bashi hoyranir sikar hoita hoy,3,0,v4.2411.3,2024-03-18 15:16:13,,,v4.2411.3
95c95c12-18ad-4c37-a911-8a26eb17208f,john mark govica,https://play-lh.googleusercontent.com/a/ACg8ocIlEXZRbfNdmRRLECbKAh-_h3-LXiALdVykVmMVFVeA=mo,Ayusin niyo app niyo napaka lag na wawala ang bigla connection kahit malakas ang enternet,1,0,v4.2411.2-rollback,2024-03-18 13:46:12,,,v4.2411.2-rollback
b53d3a3f-9e5d-4d76-8055-13545d7cbe3d,Robbie Mae Cabanillas,https://play-lh.googleusercontent.com/a/ACg8ocK_IYuwkgmFvRrhfn2Edtg6bvnP1ITm3ejOPjcz5G9B=mo,goodpanda,5,0,v4.2411.3,2024-03-18 13:23:07,,,v4.2411.3
7be21b07-99b5-4921-b1ab-c99f01c4b394,Marin Vinsmoke,https://play-lh.googleusercontent.com/a/ACg8ocIaEKndxkaraiPjtJqvr1KYyAp0FmbjMeCH_YnUiMaP=mo,WALANG MAGANDANG ACTION. NA KA 20 NA BYAHE NA YUNG NI-REFFER KONG TAO PERO WALANG NAG APPEAR NA REFERRAL SA ACCOUNT KO.,1,0,,2024-03-18 07:44:40,,,
69a1841e-ce9f-48bf-a45b-7da344e802e9,Janjohn Tv,https://play-lh.googleusercontent.com/a/ACg8ocIDJmEt90LXbW3tkCn6apqFdOBlC8BNGMhCdswmTzfz=mo,garbage updates!,1,0,v4.2411.3,2024-03-18 00:20:25,,,v4.2411.3
40b78978-eecd-4095-ad9e-37bc92b24ef1,Ian ÈªíÂ§úÁ©∫ Talla,https://play-lh.googleusercontent.com/a-/ALV-UjVeW18HjAs97rxAHeb86f8JXR-OVOCw7puqO48K7Abktig,"Nice update! Aside from the heatmap not working, now we can't give a review on vendor's with late ordee preparation. Whenever we give a review the app freezes and had to restart the app. Nice job devs! Keep up the suck work!",1,17,v4.2411.3,2024-03-17 23:48:02,,,v4.2411.3
ed55a0ca-898d-40a8-8c65-041fe34d6b01,Md.Baccu. Mia,https://play-lh.googleusercontent.com/a/ACg8ocLdMOPCEmDpiRgrnnC-7FQAeO2IktsfMcSWB3-dYZ7L=mo,Best,5,0,v4.2411.3,2024-03-17 22:10:51,,,v4.2411.3
fdad6919-a173-462c-82ae-39a3d116b537,Sadam Dero Offcial,https://play-lh.googleusercontent.com/a-/ALV-UjUqTBd_aM2JZv3v4j9J2H7u1sZX7sAHyupZ1LSI3ImeFTY,Working good,5,0,,2024-03-17 20:18:47,,,
84ce5645-fa93-4a5a-9f4c-0e9fd7e8f763,Sheri Memon,https://play-lh.googleusercontent.com/a-/ALV-UjWQlQhEsBh_AqduuIX5TDtGQ2HuCLEghN7RIw-mpBSCmQ,Maza aagya Good ho gya Foodpanda fasial bhai ko Salam,4,0,v4.2411.3,2024-03-17 19:55:21,,,v4.2411.3
3a0670e9-a6e8-4e65-b61e-f3c5d7948baf,Christian John Gamo,https://play-lh.googleusercontent.com/a/ACg8ocLX4sgVmwSLXqw__vbMlNfV2-oMLtwP1tuXsoTC_QSX=mo,"This update seems to be bugged, rating a vendor don't work anymore.. most of vendors are too slow to prepare foods yet tou disable the raring features..",1,0,v4.2411.3,2024-03-17 19:09:30,,,v4.2411.3
8dacc9a5-ab01-41a9-9b86-30c49cb58386,John Red,https://play-lh.googleusercontent.com/a/ACg8ocIAqkzbFsYvx7FpxcxDQ1AGZa_YKiGESa9LGIP1Nfys=mo,"On this version, app freezes in Vendor feedback form. Hopefully it will be fixed soon.",4,0,v4.2411.3,2024-03-17 18:59:24,,,v4.2411.3
97a85671-000e-4b28-8123-543e560a88cf,muhd naqib,https://play-lh.googleusercontent.com/a/ACg8ocJ4yo8tKW63iVJxL0c6uPTffrQAxaRGVqVhAWvRzq6Z=mo,"macam chibai pakai yg ni, pakai yg lame lagi elok",1,0,,2024-03-17 18:13:23,,,
3e046b0e-3223-4b36-8e4a-c67de483c7fc,MuhdSyazwan BinSulaiman,https://play-lh.googleusercontent.com/a-/ALV-UjXgdzsQFXpz6qSCYIOOALSuDIsG23cZr00Zh4kY9D6Pzf4,Bugs not giving up,3,0,,2024-03-17 18:00:42,,,
9f3a11fb-d248-45fb-a915-42fa7a94d8e2,Joenel Serognas,https://play-lh.googleusercontent.com/a/ACg8ocLVUIe4MI6w-2jtlgBrA5iIKO6l_SkXz8tyU0B6ubxr=mo,Excite To deliver that pick it up to the vendors,5,0,v4.2411.3,2024-03-17 16:02:58,,,v4.2411.3
0fcd52aa-42a5-41c0-8cbd-58c74bca5b97,Ajwad Salleh,https://play-lh.googleusercontent.com/a-/ALV-UjVgE6mjqgWD5XQgP44WGROBPtV0fYqi1uyzkhMocMqSAx0,new update have problems (break session button missing) and the cs agent weren't helpful and just forcefully end chat.,1,0,v4.2411.3,2024-03-17 14:38:56,,,v4.2411.3
d93fea4c-f876-4739-8fea-ae679d58eece,Sumaira Mustafa,https://play-lh.googleusercontent.com/a/ACg8ocITtXkVYXD6apO5iOlLL-jmrdyfw1C5ESrAlGA1OVY=mo,good app,5,0,v4.2411.3,2024-03-17 14:13:12,,,v4.2411.3
074956de-fd14-48fd-8b3b-9fc0baf903f9,Taniya Taniya,https://play-lh.googleusercontent.com/a/ACg8ocJH2ogbejC-zxPjL1Av7Kx0k4zBrXuPJApVqy9GESpi=mo,nice app,2,0,v4.2411.3,2024-03-17 13:31:07,,,v4.2411.3
ff5fb55e-75ba-4dd5-9b06-51083664f6f9,Vicente,https://play-lh.googleusercontent.com/a-/ALV-UjXCH2NFh2HJ7soxmc2addKufrj-YNni1OzZj3OiaWJZWw,Napakabulok ng system nyo hahahaha,1,0,v4.2411.3,2024-03-17 13:18:00,,,v4.2411.3
0a479f1e-ae04-43c4-b85f-956c93220d54,Sapek Shafiq,https://play-lh.googleusercontent.com/a/ACg8ocLELioYjvE2llUuEknC9aGnQNvSqzT17v0vSD3NiS7A=mo,Kenape saye tak ade orderrr?,5,0,v4.2411.3,2024-03-17 11:09:47,,,v4.2411.3
cae8445f-0f19-4222-8398-20f1a8049d3c,Ashis Baidya,https://play-lh.googleusercontent.com/a/ACg8ocJ7gLopkj42eN5ypjM93IHrhxOhgDR-6akzaPlOpiRQ=mo,gd App,5,0,v4.2411.3,2024-03-17 10:16:06,,,v4.2411.3
7ad72d88-5149-4459-ab76-dd0d1f8535ed,jin juro,https://play-lh.googleusercontent.com/a/ACg8ocKruexOaA3DoV7BD8DB714pt3XfJzbOBvVydLcV65Dt=mo,Fare matrix not fix and map nivagation not accurate,1,0,v4.2411.3,2024-03-17 08:31:00,,,v4.2411.3
f7551711-ad80-4046-ab01-7b4c408f8934,√âmilie Lambert,https://play-lh.googleusercontent.com/a/ACg8ocLzGi-3wVLGI8gWUOnuZQGGM2TPO-whK56REcCu9r3f=mo,Good,5,0,v4.2411.3,2024-03-17 04:27:11,,,v4.2411.3
23078e18-dea8-4f05-ac19-28d587cad57e,Shaheer Jutt,https://play-lh.googleusercontent.com/a/ACg8ocJWgaXvYdtOYcgl4ldSmKsQMl4yOQUyw1A_2_mGFBET=mo,Good,5,0,v4.2411.3,2024-03-17 03:18:23,,,v4.2411.3
3f9aa82e-0faf-4594-a5a0-620ebd13e45d,Jeanette Agasan,https://play-lh.googleusercontent.com/a/ACg8ocLjHO740a9sLBHFHdiMdFgH51CToZXV03MzM6ZUyCcs=mo,Low fare/delivery fee.,1,0,,2024-03-16 23:19:25,,,
92833a09-e01b-426f-81a9-30070f5c98a7,Md Ibrahim Joni,https://play-lh.googleusercontent.com/a-/ALV-UjU92Ut5WavnwOnHdMfuVQJK22oVIhOlpWSQ1sR1sifG0OI,Good app,5,0,v4.2411.3,2024-03-16 22:07:08,,,v4.2411.3
9e9e6c72-c5e8-4a30-8f29-1df91a03c648,Delmer Mahayag,https://play-lh.googleusercontent.com/a-/ALV-UjXSsBfaZlUkatS0__VEF--oY2pcBGWWWg1aKcOWXnFlwA,Ang pangit Ng update nyo sa app na ito pakibalik nalang Ng una,2,0,v4.2411.3,2024-03-16 21:23:12,,,v4.2411.3
67c7b463-f6a6-4778-99df-328b7f0eeb8b,Jayven Baccay,https://play-lh.googleusercontent.com/a-/ALV-UjV6BgSLZ6KBV_Kiw2nFE1o3pPVAZtOqiAr4QATdM17diYI,The app keeps on crashing everytime there's an order!!,1,0,,2024-03-16 18:48:06,,,
660d3ab9-98be-4b58-ac57-cb86558ff2da,Khan Khan,https://play-lh.googleusercontent.com/a/ACg8ocIncf2LEy-cpv9OWxDp0QoM6qDHY6EoSw-KyZWe-ePh=mo,Always issues,1,0,v4.2411.3,2024-03-16 18:10:02,,,v4.2411.3
4871263a-f061-4590-8a97-5c046fe88bcf,Daniel Malapira,https://play-lh.googleusercontent.com/a-/ALV-UjXXJ8yDNIY1EGIhoXToF101aVjTaaqBaXYcR_aehxgBhfU,"I got an amount of 2400 pesos paid by a customer, I was cash blocked and you restricted my account. When I paid the balance amount in the Foodpanda wallet because I was restricted, after I finished paying everything in my balance, you deleted my schedule. how can I be on duty again if you removed me? adjust the restricted in the system, when the account is restricted the schedule is automatically lost. how If the customer pays a huge amount of money then I am restricted how can I work again.",1,0,v4.2411.3,2024-03-16 17:35:50,,,v4.2411.3
a7ac7721-e31e-48f0-988f-c2f523e2b1dc,md Juyel,https://play-lh.googleusercontent.com/a/ACg8ocKrySdpjVU1o8raB-2C2gLDNi-3p8-IOwtmNDZdIdY0=mo,good üëç,5,0,v4.2411.3,2024-03-16 16:54:52,,,v4.2411.3
f596a1ae-32c8-4dd7-9024-f2d4b162afc3,ŸÖÿ≠ŸÖÿØ Saleem,https://play-lh.googleusercontent.com/a/ACg8ocIUz33DJXj3RRUE1LmAOk-0FMo2s41ekZaugepgaCrs=mo,This is latest cheap version.Very bad features..old version is good.üò°üò°,1,0,v4.2411.3,2024-03-16 16:27:41,,,v4.2411.3
83e5ac41-7317-4abc-b730-a9c37ac82104,Muhammad Asif,https://play-lh.googleusercontent.com/a-/ALV-UjVQud0dd4FRknIuKnMUxXCya9sPMid7WnzbZuGGm3eAsAw,"This app's new version is useless, not a useful because it is not showing heat map Red dot Areas for picking orders.",1,0,v4.2411.3,2024-03-16 15:37:26,,,v4.2411.3
422ada51-574d-4eac-a890-2aff7eca6d61,renerio Balinado jr,https://play-lh.googleusercontent.com/a-/ALV-UjVv6DN03BKdnTbZ3LdpXTZ_XXwq_zTfzz6L4lAtLbEZEDI,Nice,5,0,v4.2411.3,2024-03-16 12:29:26,,,v4.2411.3
a0c04bd7-97b0-4550-a689-39c1f4aeee3f,Naw History,https://play-lh.googleusercontent.com/a/ACg8ocJ_3bKBrCJr3GdeoY_J_Kzm-U1yx8SOqagw-ozlkz11fA=mo,good,5,0,v4.2307.0,2024-03-16 11:46:48,,,v4.2307.0
57537485-e0ff-4569-aa74-550f7c8ee579,jk Sang,https://play-lh.googleusercontent.com/a/ACg8ocIZARzQxeQ0ijDaSNqwdzMlVtXvQca2nplufGcKUA_Y=mo,"Worst app ever, it takes soo long to update",1,1,v4.2351.0,2024-03-16 10:10:42,,,v4.2351.0
e2eb3689-a754-4fd8-be9f-beb11ef7345f,"JIMENEZ, BERNARDO JR L.",https://play-lh.googleusercontent.com/a-/ALV-UjWLuSQVLzMjNvo2mTGc2l7TOdXRxEOX5H0BCaHJuk-ZSFc,"fare is not fair enough for the hardwork of a rider, please be considerate to the fellow riders and dont tax it out all the fare percentage that the apps is only benefits for it.",1,0,v4.2411.3,2024-03-16 00:25:57,,,v4.2411.3
f3f834c9-8fe9-47dc-af23-f12ea6a13674,MD Sagor Mia,https://play-lh.googleusercontent.com/a-/ALV-UjXjRFBoH5jqu6zAc8bcEqeOzfgH5Cec4vnGzTLfy5hQ82s,good,5,0,v4.2411.3,2024-03-15 23:57:09,,,v4.2411.3
23cf488e-7633-43aa-8b01-7ec8d010384f,Ahmad Muhammad,https://play-lh.googleusercontent.com/a/ACg8ocIvvlaCuNQKlRqxM9MC19n9wXaDAzNk5GNzIryuH5gi=mo,Worst app ever !!!!,1,0,,2024-03-15 22:58:59,,,
bc5acae9-7733-46c4-8127-c3790937ae18,Lynuce Naling,https://play-lh.googleusercontent.com/a-/ALV-UjUgeTEbo7ARMHo9YjCIIDYAja3TY8FYUkB8MZTV2pLc18w,Baba ng fair,1,0,v4.2411.3,2024-03-15 21:40:59,,,v4.2411.3
188408ef-57ef-4704-bebe-14af31a91960,Aaron Alonso,https://play-lh.googleusercontent.com/a-/ALV-UjXUHC1GKN4KsSGFQIbgFgn-Vr4UBleXFReaU_AZXFoEtM0,Sobrang baba ng fare unfair sa mga rider,1,0,,2024-03-15 21:39:30,,,
744c2a3a-41f0-4cd3-bf20-884142f32851,Smokeyyy,https://play-lh.googleusercontent.com/a-/ALV-UjXFNIOmFtgxitTdzfxHf6fxHYDbgVGzf4Z6VasSpbTm31I,"low fare for riders and trashy system,please work on it",1,0,v4.2349.4,2024-03-15 21:14:48,,,v4.2349.4
0a077f9b-2456-4d45-a9da-491667b0329e,Nadir Ali,https://play-lh.googleusercontent.com/a-/ALV-UjVDOVzsqcsTCpMCvocSsbhu2wksCGjIu9Ob5Ks0orGXKw,This application is not interesting,5,0,v4.2411.3,2024-03-15 19:47:33,,,v4.2411.3
4e1b704d-c92b-4fd7-a413-a3cdc8ab364f,Angelo Coyoca,https://play-lh.googleusercontent.com/a-/ALV-UjWJivcVPXM6GmhgNksxtQC_EYkpIF0HAFT24g9R_2gVrg,Mababa fare,1,0,v4.2411.3,2024-03-15 18:14:18,,,v4.2411.3
23264000-ff7d-404d-8d5d-c7233d8e70e4,Am Shakil,https://play-lh.googleusercontent.com/a-/ALV-UjUt59twYNsmcwfdiH1cJxiUAD_Zy3Vd976T0c7qtZivewh6,Order to ashtei chayna vai aita dia kaj koira tk to nai shudhu shomoy nosto,1,0,v4.2411.3,2024-03-15 17:28:42,,,v4.2411.3
7b860a6d-05a0-4c80-a28d-5ccebc3e27a9,Ramon Mones,https://play-lh.googleusercontent.com/a-/ALV-UjV2w-zV2tD1UPV3ULWFAO-suvf5w7u1s46BqemPor0Kl4A,Poor services useless app,1,0,v4.2409.2,2024-03-15 17:24:44,,,v4.2409.2
f8c5bba5-b596-4d91-b094-b16904a7fbea,Dominic Gelizon,https://play-lh.googleusercontent.com/a/ACg8ocIxUEsL_UYyR1f0qcD-IM-j4T_98Ipn730Pl2Zi6r5Q=mo,app gives you way low to little fare without the other elements such as traffic at day time and dangers when delivering at night time. and please do optimize the map so it shows accurate location such as detailed street names.,1,1,v4.2411.3,2024-03-15 17:24:01,,,v4.2411.3
a1bc0b9b-71e0-4b60-812d-0b8ca38570c8,Michael jr Saja,https://play-lh.googleusercontent.com/a/ACg8ocJ5jQzEaa85sCrNaHI1Q71V1gQlqcxb7uUS0VSHzkXq=mo,Self fish,1,0,,2024-03-15 16:56:52,,,
1b4b935c-deeb-4066-8236-273fa1a6657a,Patrick Vincent Alvarez,https://play-lh.googleusercontent.com/a-/ALV-UjW96Gog04U55Aalfuwg211CIbLvY6nx-urhkvhw2B6vXQ,Kawawa rider,1,0,v4.2411.2-rollback,2024-03-15 15:41:34,,,v4.2411.2-rollback
ffcc5d77-e5d6-479b-82a7-3b266a5b04c2,Christian Belicano,https://play-lh.googleusercontent.com/a/ACg8ocJgnpbc-votojMC4X1X1SzxUssB1eS77SnvgKTGzRFu=mo,unfair for delivery riders because of low fare,1,0,v4.2411.3,2024-03-15 15:23:28,,,v4.2411.3
20d92034-a860-403d-b482-e94b06f97af9,Marwin Macasojot,https://play-lh.googleusercontent.com/a-/ALV-UjXNjsulzXbszuX05CUaY7-ReqyEEhgzyQSirqXRGNZTHIc,very low delivery fare,1,0,v4.2411.3,2024-03-15 14:48:23,,,v4.2411.3
a4f640e6-0927-4aa6-815c-ed6e213ddf23,MD SUMON,https://play-lh.googleusercontent.com/a/ACg8ocIQMXVxTSdgjtI-H4us2wke6J_9kING3SUVppVPdtGB=mo,üòòüòòüòòüòòüòòüòòüòòüòòüòòüòòüòòüòòüòòüòòüòòüòò,5,0,,2024-03-15 13:55:25,,,
37c8fd7c-2f7e-4d19-9bc4-18c111aa226a,Joshuajon Rodriguez,https://play-lh.googleusercontent.com/a-/ALV-UjXVBI5qskLEUAPoBGII5XqLr7y0M8KS4KhK5TVP_b4UPg,Kawawa rider sainyo,1,0,v4.2250.0,2024-03-15 13:25:47,,,v4.2250.0
3c2b4e3f-eb75-43e4-89b6-5d9399d32410,Joel Monticalvo,https://play-lh.googleusercontent.com/a/ACg8ocJpOcRF32P1fLNMH2lh1YP4kItvJfNTlSWHJdEdipbf=mo,good,5,0,v4.2411.3,2024-03-15 13:19:53,,,v4.2411.3
89b024d0-5679-4d63-9669-2bc2ec1fb154,Senpaii Eren,https://play-lh.googleusercontent.com/a-/ALV-UjX2ij_axIS7McHc3fDeEt-YpmDlnjfeNZ8noQxv5udh3Q,"Food panda is getting worst, the delivery rate is very low. And the incentives in davao city right now has been reduced to 180 from 250. The gasoline is getting high price the the fair is getting lower and lower.",1,0,v4.2411.3,2024-03-15 13:14:02,,,v4.2411.3
6e30176e-33bf-483c-be82-f2a6d76469af,marvin ca√±ete,https://play-lh.googleusercontent.com/a/ACg8ocI5FmXHHzQcntgq0k3yFQF22A6h3g2wt4Ik70zGvXC3=mo,sobrang baba ng fare,1,0,v4.2411.3,2024-03-15 13:13:03,,,v4.2411.3
228c6fa2-2661-47ba-875f-6791ab0907cb,Miriam Castillo,https://play-lh.googleusercontent.com/a/ACg8ocJ_gQFJa9t4QK0W3-etyEa7AijHxaoccs6caJ4MsVeF=mo,Ang tagal ma ipasa bat ganon?? Ayaw mag patuloy,1,0,v4.2411.2-rollback,2024-03-15 12:38:40,,,v4.2411.2-rollback
f512eab6-ba18-4920-91e7-5a9d18e54de0,Jener Jalmanzar,https://play-lh.googleusercontent.com/a-/ALV-UjX8Gisd2lkuRTxcoWOi040H8dgRcBm5WDhs1sp2RsfcTAgQ,LOW RATE FARE!,1,0,v4.2407.5,2024-03-15 12:15:27,,,v4.2407.5
f1c331b5-9759-429a-b196-c82a0137aab3,Jason Abarquez,https://play-lh.googleusercontent.com/a/ACg8ocJL_j9fY599NpAnYFpzMhPZHl_wMZv-T8QPgxdYdAO7=mo,Fix youre system !! Too bad if the customer already outside then we drop it off quickly . Your system paused us 1 hour. Like WTFFFFF !!!!,1,0,v4.2411.2-rollback,2024-03-15 11:14:47,,,v4.2411.2-rollback
016a41f2-c807-4108-8f07-1c589a73cf42,Carl Andy Perez,https://play-lh.googleusercontent.com/a-/ALV-UjUXaiS5VqB3y9CNQbZX-SHGYP0QdFtD6p_8Huf4FSBZUQ,paki ayos lahat ng dapat ayusin,5,0,,2024-03-15 10:55:27,,,
0035637c-212f-4bf9-86cf-7c391078f647,vhinz rufin,https://play-lh.googleusercontent.com/a/ACg8ocL3VqHaMV72WyEoMduSkGAk_vxioZbm2AeuH5zCbSL7=mo,üôÇ,5,0,v4.2411.2-rollback,2024-03-15 10:42:28,,,v4.2411.2-rollback
63d2b539-03dd-4e3c-9a44-a5a26afb654c,Hassan ali Hassan,https://play-lh.googleusercontent.com/a/ACg8ocLEWZiJMMPdNSG4VR2EPWIaebFGmwknBLhxzrUD_10a=mo,my bambo reward points no show 2 month wiset ub ofes buts no my ishu resovls no whye,1,0,v4.2411.2-rollback,2024-03-15 08:48:55,,,v4.2411.2-rollback
fc19a59f-1cd3-44cb-ac74-d1ea19826018,Tamara Mirabueno,https://play-lh.googleusercontent.com/a/ACg8ocKUFb9PubAQxu2J1zAiWCRquBfHwsiFGTyjO1l1XM9z=mo,"Low fare for riders , dispatcher can't understand simple English,",1,0,v4.2411.3,2024-03-15 02:47:39,,,v4.2411.3
0940de8e-537b-4d43-a043-870fd6a9ebcf,Celso Jr Concepcion Perez,https://play-lh.googleusercontent.com/a/ACg8ocK3bzrQx5i3izuHezG6i3Hl5m67wyHEOdVZfeehK_Jp=mo,"Sobrang mababa ang fare, hindi maka tao, masyadong gahaman/ganid sa pera",1,0,,2024-03-15 01:00:26,,,
e0c9c8b1-3ea2-49b0-975f-5a7b1615a91d,chrismel reyes,https://play-lh.googleusercontent.com/a/ACg8ocJx_lH14DupgrvGx-vd3KNHGxnWUxKASyvPYZPjNAmn=mo,"Mababa na ang delivery fee sa rider , pero ang singil sa customer mataas pa din . Unfair na sa delivery fee para nalang nag utos sa rider",1,0,v4.2411.2-rollback,2024-03-15 00:59:23,,,v4.2411.2-rollback
3fd7ffcb-5003-4884-8dac-65ae18b037a0,Mariano Yahjla,https://play-lh.googleusercontent.com/a/ACg8ocJZyAUhUIekdUtkl8EwAQ-eKPVqAOfkI4tcH4Rs7wIp=mo,Apaka baba ng fare jusko,1,0,,2024-03-14 23:24:35,,,
9fa95e66-03b0-4f55-8e54-52c01271ab82,alvin cheng,https://play-lh.googleusercontent.com/a-/ALV-UjVIRe1cHjbiyhJDFE9s6z-hwk2ijyNlUWQ6erw7ZPVlgcA,No hotspot shown on the new app after updates & keep sounding not getting any gps from my hp,2,15,v4.2411.3,2024-03-14 22:37:56,,,v4.2411.3
a9a99561-90d4-48dc-ad7d-e65af08bc059,Jerome Dumas,https://play-lh.googleusercontent.com/a-/ALV-UjUzF7Tn-17h2pk2Q3aEFmm2fMDoMSN49ArDpfkPOg01UTQ,fare is not good.,1,0,v4.2411.3,2024-03-14 20:02:54,,,v4.2411.3
01bbd9f2-6f55-47bf-87f3-69625628444e,Mk Chowdhury,https://play-lh.googleusercontent.com/a-/ALV-UjULSsxXRZ2R4SzNLTpoXBlte0v7ymJ6reBy0rDd2GU-qw,Bad,1,0,v4.2407.5,2024-03-14 19:59:26,,,v4.2407.5
9d9f85df-2e40-4007-8a3b-488437078a6b,Muhammad Imran,https://play-lh.googleusercontent.com/a-/ALV-UjWvWWJKNJ5x9PDaTd8__EBzKSWX_49kXJRzFflYdfygSA,good,5,0,v4.2411.3,2024-03-14 18:26:13,,,v4.2411.3
0321de9f-bf20-44a9-b815-02152e5fec48,MD Dilzar Rahman,https://play-lh.googleusercontent.com/a/ACg8ocJNexHO5RGV8fuzASbiF9-Ya_4s4IP6cIBCiriOGFHk=mo,very vest app,5,0,v4.2411.2-rollback,2024-03-14 18:13:53,,,v4.2411.2-rollback
b54bb6c0-4b97-4bdf-99a6-95224f12ad22,Syed Azman,https://play-lh.googleusercontent.com/a/ACg8ocInyVxtOALSiTPwLps_I4OMxV9GRrRkd9_V_02aiqPV=mo,Tak smooth la inche,1,0,v4.2411.3,2024-03-14 17:25:12,,,v4.2411.3
8c89c823-924d-4ed9-9725-890440779269,MD shajib Mia,https://play-lh.googleusercontent.com/a/ACg8ocIeOoclx8YGV9QY1j7L5-8Jc1a17_l0ylvaN9rOWyc3=mo,vlo,5,0,v4.2411.2-rollback,2024-03-14 12:11:14,,,v4.2411.2-rollback
28a97bd2-1375-4d55-b096-45a4d76a566f,Sisenando Di√±a,https://play-lh.googleusercontent.com/a-/ALV-UjWIsHpmJ1fln4tmjHjzgaJNQ_5bWzNFa4KrtGh28Hiebg,Good service,5,0,,2024-03-14 09:27:01,,,
d4283298-9dde-44b3-bb77-4b2360850e9a,Guilyn Real,https://play-lh.googleusercontent.com/a-/ALV-UjUk7bEkCijwrkrfXsVIwI7b-A0uvohMeD9zhK8gh0ykYg,very good,5,0,v4.2411.2-rollback,2024-03-14 06:53:33,,,v4.2411.2-rollback
e45c3a58-9685-4908-8eb2-97e95d2fe90d,Janrian Recto,https://play-lh.googleusercontent.com/a-/ALV-UjUzMOi9iGv6DwbZjLU9aFZoAh0ZEsi-YzKtTtuqMCVG3A,Napaka baba Muna mag fare pagod na lang kinikita namin sayo,1,0,v4.2411.3,2024-03-14 04:24:43,,,v4.2411.3
3b357329-9db3-425d-bb20-78e6ec9cb5d3,Arslan Ulhaq,https://play-lh.googleusercontent.com/a/ACg8ocKzblQ_TE-Ia4MlBLsGIEi8EWzuSEz8MlWQEFkp_R_m=mo,Heat map not showing. Receive very few orders . Very disgusting,1,0,v4.2411.2-rollback,2024-03-14 00:42:15,,,v4.2411.2-rollback
d51d8562-ee68-4fd1-8ac3-2a615e9a6e22,pamela cat,https://play-lh.googleusercontent.com/a/ACg8ocI5Du_vbiDNsXVvJ_Z-QFeOKG53Oj6VcbRFl-6zNzUD=mo,1 hour 1 order. Fee about $4 in SG. If you think per hour $4 can survive in SG.,1,0,v4.2411.3,2024-03-14 00:12:46,,,v4.2411.3
e07f4cbb-0af0-4a14-8d7f-48d9ef0ba621,Mahadi Hasan,https://play-lh.googleusercontent.com/a-/ALV-UjVYcKkFJYO3xzR5z7HH20BEmdA8qDTJwe1qEuNawo9JLhg,Should have dark theme. Then the charge burning issue of the riders will be reduced to a great extent......!üòî,1,1,v4.2411.2-rollback,2024-03-13 23:59:33,,,v4.2411.2-rollback
a2693119-812f-4c36-a2d5-a50225724c5d,King Cairo,https://play-lh.googleusercontent.com/a/ACg8ocL30BMsVxvrpJISl7y1iJBDDvvM-mOB-jXIa1Zngz1V=mo,Poor performance,1,0,v4.2411.2-rollback,2024-03-13 23:56:30,,,v4.2411.2-rollback
267a22e4-7967-49f2-8d1d-467ef2a010d5,Aboynapinoy Wilabwilab,https://play-lh.googleusercontent.com/a/ACg8ocKRKPXkCL8dyYG32WWsKEWwSGxbm4JD10utvKtfhXDk=mo,Kinangina nyo,1,0,,2024-03-13 21:52:56,,,
03816c48-99bd-4215-9a2f-60ef18b97f95,Muhammd Waqar,https://play-lh.googleusercontent.com/a/ACg8ocK7cCE-SEGl0Nb_z2Ttl0Gy2EwPIzbvj1_OmHZzTPn6=mo,good,5,0,v4.2411.2-rollback,2024-03-13 21:23:18,,,v4.2411.2-rollback
422e5bbf-b173-497d-88cf-1e0faa19c64f,Zeeshan Qasim,https://play-lh.googleusercontent.com/a-/ALV-UjVyq8LEGQS3IX74__3UKXdKzDjzZiHv23xncK790Vtolg,Chor Foodpanda chor rider k pasy kha jaty hain,5,0,v4.2411.2-rollback,2024-03-13 20:40:28,,,v4.2411.2-rollback
1aa0e4bc-5e27-4cd3-b21a-92c227ce4009,Rovin Parco,https://play-lh.googleusercontent.com/a-/ALV-UjVPQW-TN0RzoanuZmajsuq5ZSozTW7qo8UWP43GgMqN7g,Ang baba ng fare delivery,1,0,v4.2411.2-rollback,2024-03-13 20:28:50,,,v4.2411.2-rollback
50dc411b-de78-4f87-9d7a-4c493c826ba9,Jerry Dela Pe√±a,https://play-lh.googleusercontent.com/a-/ALV-UjXFQL2gEHrKibk0GUDftDQBa1iW2XMlo8nWa-1Hbvkcmg,Poor fare,1,0,v4.2411.2-rollback,2024-03-13 20:28:45,,,v4.2411.2-rollback
612e7706-a68e-4c87-aa2e-4598fde7166e,Aldwin Fuentes,https://play-lh.googleusercontent.com/a-/ALV-UjVb45W1OEucMjIJ6uwY2mUGT516RnsrC3ZV8qhAaswyCQ,BABA NG FARE,1,0,v4.2301.2-rollback,2024-03-13 20:27:44,,,v4.2301.2-rollback
c1da665b-d395-4753-b7d3-b5aceb59d9c7,Ahmed Kawser,https://play-lh.googleusercontent.com/a-/ALV-UjU_My71223MF-t9K81OXtI0lgBN6mKNr-KQ0DaFt1BEe4M,Good apps,4,0,v4.2411.2-rollback,2024-03-13 19:52:23,,,v4.2411.2-rollback
4b9698b2-4e30-4437-a9b2-29fcee91f195,Daniel,https://play-lh.googleusercontent.com/a/ACg8ocJGii2cfw2BYGp3tzWtaiCU48BgixGAKX0Roa6LX_a8=mo,"Most recent update broke the ""hows the pick up experience "" UX/UI team should be fired. Cant even make a simple app work. Every update 1 thing gets fixed but 2 things get broken.",1,3,v4.2411.3,2024-03-13 18:15:15,,,v4.2411.3
e563c0ad-9eb1-466f-941e-4a39c6d8f6fd,Mehedi hasan Minhaj,https://play-lh.googleusercontent.com/a/ACg8ocLziWaFQmljf5YOXs6zCeC1UI10etXCuRzimV4fVz8u=mo,Khub baje.,2,0,v4.2351.0,2024-03-13 18:08:38,,,v4.2351.0
9baf77fd-3822-4796-955d-bd8c325f69c1,Susmoy Khan Miran,https://play-lh.googleusercontent.com/a-/ALV-UjWv7DE3fIwYAZnYnrW7elegwuguNN_00cn1bpjM0ri2zXc,nice app,3,0,v4.2409.2,2024-03-13 17:44:53,,,v4.2409.2
8789965e-fb9d-4e2d-b4aa-423e3a2eac0c,rashida bara,https://play-lh.googleusercontent.com/a/ACg8ocJfCnXG_8_1xi1KtQCUykuSWdf1vViW2OcBZVFCO9aE=mo,Pataasin nyu ang rate,5,0,v4.2411.2-rollback,2024-03-13 16:23:32,,,v4.2411.2-rollback
20208f3a-754f-4ab7-b641-a22243b840bf,duke castillon,https://play-lh.googleusercontent.com/a/ACg8ocLtiEDinPZJ8kapdX_V8hkHhNN6CbgSh1BF_lwhjcUA=mo,LOW FARe NO BREAK WHAT IS WRONG WITH YOUR AP WANNA DIE YOUR RIDER,1,0,v4.2411.2-rollback,2024-03-13 16:13:35,,,v4.2411.2-rollback
97012362-8a7e-4758-83c2-ee509a57635c,Tom Catingco,https://play-lh.googleusercontent.com/a/ACg8ocJRPhskGiXU2BqBBfEa8lqLjSpwsD1sX-88WWAHPC-O=mo,i cannot see my payments,1,0,,2024-03-13 15:58:33,,,
f283eeba-3619-457f-99d5-6d17c93763ab,Marij Qureshi,https://play-lh.googleusercontent.com/a/ACg8ocJjRUPwULMx3LJWAy5XWM_MRZJB9qz3d5m6I_nnjUDY=mo,Good,5,0,v4.2411.2-rollback,2024-03-13 14:26:34,,,v4.2411.2-rollback
0dfa1ee2-96be-41cf-8e89-b9885d6881f0,PARTHO das,https://play-lh.googleusercontent.com/a-/ALV-UjURtog0z4zVdsxOOEAkhLELoxNcZkvpalCOvLAy3Es1vg,it's a good app,5,1,v4.2411.2-rollback,2024-03-13 13:53:22,,,v4.2411.2-rollback
5995e23c-4a6b-453c-8705-49e4add14564,Lawrence Logo,https://play-lh.googleusercontent.com/a-/ALV-UjWpYLTbeMB7M33TgK4zb5abLGi05e5Xa-3wLaGLZEiBnw,mababa ang fare na ibinibigay,1,0,,2024-03-13 11:46:30,,,
77184010-b674-43bb-9ca7-cfa2038e6ef3,Kh yap,https://play-lh.googleusercontent.com/a-/ALV-UjVGZ0DIndz77I7NFB_TM5mWS__oMVYSxUnjOdWHyT8ncPc,every time no button press for start my shift need reinstall just can use pool app,1,0,v4.2411.2-rollback,2024-03-13 11:02:41,,,v4.2411.2-rollback
ee9bebff-c59a-40f1-a369-41562127f820,Dave Ngan,https://play-lh.googleusercontent.com/a/ACg8ocLefrn0AcNnetjqi300CZ_vyms6nT_WLFgbMJBhU6di=mo,"App is finicky, no hotspot can be seen.",2,0,v4.2411.2-rollback,2024-03-13 10:21:31,,,v4.2411.2-rollback
9f89d134-f923-4fed-97c8-dad6ae6c865b,Marlon Macario,https://play-lh.googleusercontent.com/a-/ALV-UjXNe6C6YfK3TMPI5EecHv0O2lALnm5qfzqZWm1txLqXpw,Low fare bulok Sistema may sakit sa utak SI panda,1,0,,2024-03-13 05:20:59,,,
1d797827-70e6-4035-a387-32cf7392206c,Tarek Emam,https://play-lh.googleusercontent.com/a-/ALV-UjWfFDa3OmJvPY4XPF96oMGvtvNv_MABZ6QmuwPw_6K_Up0,‚ù§Ô∏è‚ù§Ô∏è‚ù§Ô∏è,5,0,v4.2411.2-rollback,2024-03-13 04:02:51,,,v4.2411.2-rollback
2e609e4d-5d67-4138-b648-8fb1237b20e8,Jr Abir,https://play-lh.googleusercontent.com/a-/ALV-UjX4E2iRz1GoA-L9P2YAjVjLaeMLOZFGxMpWSH0vjNrmds4,Beautiful app üòå Plz amr phone jano app te hang chara chole ü§é,5,1,v4.2411.2-rollback,2024-03-13 03:55:25,,,v4.2411.2-rollback
2c2f11b7-8ac3-4d9e-af1b-a77cb345519c,"Ansit, Christian G.",https://play-lh.googleusercontent.com/a-/ALV-UjWHI668VLYcOg3zhaisTaFvUieNTAcIFpYeVCgHs0lBRzA,sobrang baba ng fare,1,0,v4.2409.2,2024-03-13 02:10:46,,,v4.2409.2
571985af-9766-4df1-9037-178bc7a24da5,Lapina,https://play-lh.googleusercontent.com/a-/ALV-UjVzgJMA5JGsIBsrYPp5Vched_TWtfUHVUBc3X9eiYwe2Wo,Worst customer service ever Has a rider i just ask them to cancel order like the customer ask they don't want to cancel it manually they just want to proceed the order even if is it cancel already stupid arabic customer service they should change them to Filipino customer service,1,0,,2024-03-13 01:50:47,,,
54be0037-2dc7-4cf9-b887-65adfc1e92c9,"Gentapa, Jocel V.",https://play-lh.googleusercontent.com/a-/ALV-UjXFnYjH0UiQvhcTrzFAQ288u0bkzyAmtKnJzp4L_vjJIfM,fare is to low,1,0,,2024-03-13 00:05:53,,,
2e8e2b1d-9a85-44e1-9578-004253e20be6,Md Manir Hossen,https://play-lh.googleusercontent.com/a-/ALV-UjUIxpd63wFH3Ksk5jbx-Tv8MglXnbwLcY--XvrWMYccgA,Best for.......hidden informationüòÉüòÉ,4,0,v4.2411.2-rollback,2024-03-12 22:43:49,,,v4.2411.2-rollback
41dfe984-6c2d-441b-a7eb-4fa1dd88a3cf,Asad Sultan,https://play-lh.googleusercontent.com/a-/ALV-UjW5j5zeEOzjOUW8R35KCcrc_hNfvuR6OG324jksQF-oMw,Good for unemployed,5,0,v4.2411.2-rollback,2024-03-12 21:59:48,,,v4.2411.2-rollback
626507b4-1a13-4e74-9e41-dfff7b47273d,Johnny Parma,https://play-lh.googleusercontent.com/a-/ALV-UjUyYxmPFco8DcOUIbvR5iQrRR16CBGbVSy9Zhi7soalnnA,Foodpanda Rider Let's Gow,5,0,v4.2409.2,2024-03-12 19:37:53,,,v4.2409.2
fc3566e2-9467-4412-95cf-d744f1739381,Azim Ahmad,https://play-lh.googleusercontent.com/a/ACg8ocJ-56rPl-k6oF7Uezc-Wv6iUaxLhZ7jo93RWyPZzsknGQ=mo,best,5,0,v4.2411.2-rollback,2024-03-12 19:02:14,,,v4.2411.2-rollback
7ba566e5-fb8d-4ed3-a427-3607e83aab6d,Nolan Baday,https://play-lh.googleusercontent.com/a-/ALV-UjUl4Vt9h2HdNj_c7tmmGI2ArbQt-ANM2u2Be5ae-atlMQ,Almost 1 shift no delivery order recieve? What happen to you app? Your rider support doesnt really help,1,0,v4.2411.2-rollback,2024-03-12 18:40:21,,,v4.2411.2-rollback
a8d3afb1-9181-4223-9ccd-2d2f4b3cbe10,John Marshal Rodriguez,https://play-lh.googleusercontent.com/a-/ALV-UjXT1U_uqlG2o3gU3XHX5Kn4sLT4-xu72Ww99Vi4qWQv2g,very bad,1,0,,2024-03-12 18:28:03,,,
aabd0a32-b775-41a5-82a6-d9ffe3f51a17,Md mahfuj islam,https://play-lh.googleusercontent.com/a/ACg8ocIGPZCCTDEgcLon2QT5UlbcZcH3mTog6VnS1H7fCvXn=mo,good apps,5,0,v4.2411.3,2024-03-12 17:04:04,,,v4.2411.3
eb1d93fa-b2c1-4e5f-bdd1-f2c1d7f6f206,Jakaria Jakaria,https://play-lh.googleusercontent.com/a/ACg8ocLV5eQ1A4UblMyKk7Jz4phC9WtzQOA7YiRdlRhM7l81=mo,mic app,5,0,v4.2411.2-rollback,2024-03-12 16:34:40,,,v4.2411.2-rollback
253b3ee6-2660-43fa-bf0d-249592fcf97b,Kenzheal Dela Cruz,https://play-lh.googleusercontent.com/a-/ALV-UjU1S4j121rbE_JmzsfXVPJu-5icx5C4OofYqs6WaIL7SgM,not this time,1,0,,2024-03-12 16:25:23,,,
91850a9a-9e2c-45e3-9485-6970b861dd31,Nico Bones,https://play-lh.googleusercontent.com/a-/ALV-UjXwyO499v_syVzAEYUqSV1zJGhVXjqX75vjCTWM5NzY_9s,"Hindi na maganda ang foodpanda ngayon, hindi katulad dati. Naging open zone pa, sobrang baba pa ng fare kahit ba may adjustment fee. Walang distance distance kung nasan ka at yung vendor na pipick up-an mo, ruler ang ginagamit sa layo. Wag na kayo mag apply dito. Mag grab na lang kayo or motor taxi.",1,1,v4.2411.2-rollback,2024-03-12 14:02:56,,,v4.2411.2-rollback
31a47cbb-27d5-4201-a47d-cc38f8a9badd,Angelito Paris,https://play-lh.googleusercontent.com/a/ACg8ocK42Gma-DSL-WUDh_vu27G2qSEABOUF939YrEdy-XOT=mo,not receiving orders and the fare was too low...,1,2,v4.2301.2-rollback,2024-03-12 13:19:52,,,v4.2301.2-rollback
86d32972-b727-406c-9a97-673c3e52d1c6,Allen Austria,https://play-lh.googleusercontent.com/a/ACg8ocJF3KBXIR8ru7rqZP2xIcAjBP_w61Is3YtAQIY2kVPt=mo,Too much low fare rate.,1,0,v4.2409.2,2024-03-12 12:32:51,,,v4.2409.2
0bffbfbf-5715-4d9a-8424-71387bbdd243,Frenielyn Inoc,https://play-lh.googleusercontent.com/a/ACg8ocICeLiKnZh6MnB_vswlgEnz6r3te5Vc3s49H1uBP_DW=mo,mas malakas pa ang booking ng batch5 sa batch2. puro kayo update. wala namang nagbabago sa sytem nyo. palpak prin,1,0,,2024-03-12 11:09:10,,,
2b3e4f97-4523-4957-b374-6f43250a83af,Ajab Gull,https://play-lh.googleusercontent.com/a-/ALV-UjU7T6hD_4zyxrAMi5-ZKdm2M_9bpxAP8fS61-yFamKeIA,Buhot achi app,5,0,v4.2411.2-rollback,2024-03-12 09:51:19,,,v4.2411.2-rollback
f3fe043a-42f2-4880-8b0b-0c954ecf873d,bejay macapallag,https://play-lh.googleusercontent.com/a/ACg8ocLekq6vJAqH-NurFOkwgQRDeMgGFY2MUv1EaFdziumv=mo,Not fair to rider,1,0,v4.2411.2-rollback,2024-03-12 09:36:46,,,v4.2411.2-rollback
8a873f36-3861-462d-892a-33452d6e7be4,Lester Concepcion,https://play-lh.googleusercontent.com/a/ACg8ocLrXZHMzNFmczRRu1RJZDnbiywt-xxQUdyGbWGKtv9C=mo,low farr,3,1,v4.2409.2,2024-03-12 08:23:03,,,v4.2409.2
31713e43-f627-460b-ada6-7c4db559e62e,Muhd Amirul,https://play-lh.googleusercontent.com/a/ACg8ocJlCNPpohQbRrrleb3v_rqqKbteNk6XLqll90Pes3Kn=mo,Cacamarba,3,0,v4.2411.2-rollback,2024-03-12 07:32:41,,,v4.2411.2-rollback
6c63992f-f71b-41b7-beda-6538bd90b572,Lin Naing Tun,https://play-lh.googleusercontent.com/a/ACg8ocLskbgwAsZj-ntSX1Lisa4A6aoSp1uxPHzvnoDpeu4O=mo,So Good,5,0,,2024-03-12 07:01:18,,,
0d629715-ccc1-4561-b67f-105df5fc9727,harry antoni,https://play-lh.googleusercontent.com/a-/ALV-UjVdvWw1uZHrEeFy1jqBRpBnT_zOlHw4TM3oG_fC44Lmnrc,Why? Almost every day having update,1,0,v4.2411.2-rollback,2024-03-12 06:48:50,,,v4.2411.2-rollback
10977366-3982-42a4-9662-6fd231cebfa5,Judy Collado,https://play-lh.googleusercontent.com/a/ACg8ocJPX8aWqAx33lTpC8LPdKSjIWMaXx6hq0PzrwqrOCM3=mo,fare is very low,1,0,v4.2411.2-rollback,2024-03-12 05:42:48,,,v4.2411.2-rollback
8af9f51c-33fc-43f1-bae4-2427de801471,Hogan Entertainment,https://play-lh.googleusercontent.com/a-/ALV-UjWszJgb00N-og2XpboCBnyYjjWItfA7Rzepwc8FJQoqdtM,beautiful ‚ù§Ô∏è,5,0,v4.2409.2,2024-03-12 04:20:29,,,v4.2409.2
5d965dac-ab0d-4569-aae0-1c29d50f0183,Abdur Raqib,https://play-lh.googleusercontent.com/a-/ALV-UjUZppq-y8aFQ_F25lwIxzBB-OBo3fz5AwAyLkCVidmQNJE,It‚Äôs a very important app for part time job holders. It's a blessing of technology. But there are many lagging on this android version. I think it would be improved.,5,3,v4.2409.2,2024-03-12 02:50:47,,,v4.2409.2
d6586519-48ad-4437-bdd4-a6b8cd5eca97,Nathan Bacuetes,https://play-lh.googleusercontent.com/a-/ALV-UjW0uaczivms8ff4komhFJDgPWAcxm7ErdD3cRAL2LXgFg,"Scam the google map fare ü§¶üèª‚Äç‚ôÇÔ∏èü§¶üèª‚Äç‚ôÇÔ∏èü§¶üèª‚Äç‚ôÇÔ∏è and please back the facial log in to reduce the other user personel,, and be pair un the fare for our delivry distance ..üò°ü§¶üèª‚Äç‚ôÇÔ∏èü§¶üèª‚Äç‚ôÇÔ∏èü§¶üèª‚Äç‚ôÇÔ∏è",1,0,v4.2411.2-rollback,2024-03-12 00:09:52,,,v4.2411.2-rollback
e0d0d171-7cca-4547-bb6e-25a7211c560b,Muhammad Jawad,https://play-lh.googleusercontent.com/a/ACg8ocLIAjp8rq9aW5XRKRcIAxQ4soEiX2nUlmrrasGVEjt0=mo,We cannot use app properly too much bugs,1,0,,2024-03-11 23:40:38,,,
7b9b68ea-19f0-4d84-8ed1-4a724c39a9a8,Juan Pulot,https://play-lh.googleusercontent.com/a/ACg8ocL_fT2qftBMK4IQOq-xE1JQSys6XOmlN3Z84fnqvNHu=mo,This is insane ü•¥,1,0,v4.2409.2,2024-03-11 23:22:37,,,v4.2409.2
2e82abab-0f25-4a63-8fdd-e08f17308b47,Marc Joven Bona,https://play-lh.googleusercontent.com/a-/ALV-UjUKI7fvq_nYY-NCJ5CxbJ-4GuT6Img1Sof81i_XfGNUGAE,poor delivery pick up and drop off . the fare is very low . sometimes i experience pick up 8km and the drop off area is 6km . the fare is very low,1,0,v4.2409.2,2024-03-11 21:57:46,,,v4.2409.2
d3b17b0b-ab7b-4d77-a3a1-07ae17f6fd17,m irfan,https://play-lh.googleusercontent.com/a/ACg8ocLKYrbHj47nGYi_HkXi698ZpxNzq40Fy8HpUfHcKlkD=mo,Nice changes about application to work seen how much work available in Pakistan,1,0,v4.2409.2,2024-03-11 21:54:20,,,v4.2409.2
4be98eac-866e-481c-b06f-b247e19d9011,ReynanJ Personalemail,https://play-lh.googleusercontent.com/a-/ALV-UjVDxJmn1h_HTALmVOoFHAUZ93j3GmvE4JhgZJWOmqIh2Q,THE RATE FOR THE DELIVERY FEE IS NOT ACCEPTABLE THE FARE IS NOT ACCURATE TO THE DISTANCE,1,0,v4.2351.0,2024-03-11 20:18:28,,,v4.2351.0
f935a8ed-143f-470a-bf2c-096da1364d56,Jessriel Trimidal,https://play-lh.googleusercontent.com/a-/ALV-UjVfJv7sCXJbnX6un2IWcHkB0lGeE7KBi80Xiff8-my0Ww,Fare is very very low ü•±ü•±,1,0,v4.2409.2,2024-03-11 19:16:46,,,v4.2409.2
11c3b98d-487f-4930-8fcc-b204394a5fda,kim sia,https://play-lh.googleusercontent.com/a-/ALV-UjVqnb2GJwz2qUJtUt2jdy4wEU0-FlX0HrNQbsszzu9Sxw,super low rate,1,0,v4.2409.2,2024-03-11 19:15:54,,,v4.2409.2
3f7856cb-a2d0-40e0-9deb-b75e2f44f23e,Zaib Khuhawar,https://play-lh.googleusercontent.com/a-/ALV-UjWbS2AhRck6aY3OGy6-b_4224vC68gQeIutVH1hQBxRaQ,done,5,0,v4.2409.2,2024-03-11 19:10:51,,,v4.2409.2
d4fb523c-cbd3-4c04-a4cd-a16f71edbc31,John Anthony Billen,https://play-lh.googleusercontent.com/a/ACg8ocI6KKCOYryLAQsvCyqIwrICXfDCcb70YrjwCiGAN8J8=mo,tumumal na huhu,5,0,v4.2409.2,2024-03-11 19:08:33,,,v4.2409.2
67cfc327-b5ec-4fc9-94fe-04f939d0ed67,Carlo Pekitpekit,https://play-lh.googleusercontent.com/a-/ALV-UjUBjwNvR1st5kOYPw6iTKbrUDyonwLYEwGbg1lCgNh6gak,fix your delivery rate the gas is already high and your delivery rate is still low,1,0,v4.2407.5,2024-03-11 18:56:22,,,v4.2407.5
df3db63a-09e0-476a-9223-7bcafde09acd,Ali Mahamud Khondoker,https://play-lh.googleusercontent.com/a/ACg8ocISwS5VimzfxvOWfkFLeBzX4bWC9IRTy6ahTk1qkpHB=mo,it's awesome application,5,1,v4.2409.2,2024-03-11 16:27:49,,,v4.2409.2
c6ed8709-5c6e-44f6-ae9d-d3deae9ed53e,adrian bermudez,https://play-lh.googleusercontent.com/a/ACg8ocJU9zma7VySRcD2GmCm9sNO3eoUNqq9-xi0_1HjL2Nu=mo,baba ng fare,1,0,,2024-03-11 16:26:44,,,
19a66a2b-6f2e-4e52-a827-f5777c36ba87,Mr. ARAF,https://play-lh.googleusercontent.com/a/ACg8ocJKScKd2UpvLLOCUVYd0uAJaQH40GHm6XBGYmSm09Aq=mo,Good,5,0,v4.2409.2,2024-03-11 15:09:18,,,v4.2409.2
40c53a73-741d-4721-8a1a-2f238f0a88f1,Shehroz Khan,https://play-lh.googleusercontent.com/a-/ALV-UjWf_BhKoSDjjsTD3ra0dYWCHs8Wo2eBpnu6fbeJ3rT4N4A,Delivery fares are so unfair,1,0,v4.2329.1,2024-03-11 14:53:05,,,v4.2329.1
2af5981e-d21f-48b8-b8e3-fdd3cab9f1a7,Diether Quibal,https://play-lh.googleusercontent.com/a-/ALV-UjWJmXEQqS6xCKmhILM3L5Tbzml5QyPOtcmtmlBLNf4hlPU,Poor customer service!! Poor customer service!!,1,0,v4.2409.2,2024-03-11 13:09:18,,,v4.2409.2
5d14109c-ec75-4f91-aec6-63621fcbee06,MD Yeasin Hossain,https://play-lh.googleusercontent.com/a-/ALV-UjXJyKSKxhoNaDPlicgwCjxxEnITKg4NfZYPX6S0ufd5zg,"Everything is fine but now and then the notification comes I have missed several orders due to being idle but the truth is that I was online and I have not received any orders, except the ones that are coming.",2,4,v4.2409.2,2024-03-11 12:03:16,,,v4.2409.2
a448c3cd-9895-4369-9102-cb395740036a,Janis Jay,https://play-lh.googleusercontent.com/a/ACg8ocLV6v_c-uMo2toq6GiHrNVXLXcSer7v1HpHbVDlT8do=mo,good,5,0,v4.2409.2,2024-03-11 11:43:37,,,v4.2409.2
f3ba6259-5939-4ab5-9972-3b433dcc309f,Marites Salvadora,https://play-lh.googleusercontent.com/a-/ALV-UjU76QG_GbjcEi-whBk9bxzBO2vZGC0hm6lmLV_p9tcZ4g,ok,5,0,v4.2409.2,2024-03-11 10:01:32,,,v4.2409.2
56070880-50b8-4843-a661-5cb0ead60263,Brix Rala,https://play-lh.googleusercontent.com/a/ACg8ocKqHjtKHToqleeGGJa4cImOoy2xBJvv5XrqgyyCGw6L=mo,Placeng order is very bad for this apps.arrive my food almost 3hrs very late and rider complaining about their pick up..very far from the store..automatically my order come late..very bad experience .,1,0,,2024-03-11 09:28:58,,,
6886176c-62bc-49b4-b2e6-a1a7f719aeed,Tj Torres,https://play-lh.googleusercontent.com/a-/ALV-UjUNc7XBwyVX7qh66n8-vf_E6Y87qUxwI26Dd08VE5YNqL4,the riders are not happy about how the app give them the fair,1,0,,2024-03-11 08:12:56,,,
0b42e50a-66b7-483b-bf16-56df7f303047,Richard Loreto,https://play-lh.googleusercontent.com/a-/ALV-UjX9lYZD6RLG4gfT2AI3cWupMkAGe2FtM2EpQ2YsnJf4urM,Auto zoom in map not working aftet update very disappointed.,3,0,v4.2409.2,2024-03-11 06:40:33,,,v4.2409.2
8e8519f6-abcc-4cf4-8ed3-18772f1d0466,Lewis Harvey Austria,https://play-lh.googleusercontent.com/a/ACg8ocLpiQ79i4s6A_K0n1LFPHy3kL-CzACsbZ-Bo-CPI0ki=mo,Dispatchers and rider support agents are not helping us at all.,1,0,v4.2409.2,2024-03-11 06:07:11,,,v4.2409.2
8e0ae84f-68a0-467a-a841-5c28383f9122,HR Real Artist,https://play-lh.googleusercontent.com/a-/ALV-UjU1FrG_Yb3OO0T-ax2CDgrgXP6z6cuhdRPoa9_wAd6NGw,I love you I have no words to explain your Good source of income,5,1,v4.2407.5,2024-03-11 04:36:44,,,v4.2407.5
5f946a7a-c19f-4d58-b6ea-f551f3435bd8,Nj Jardenico,https://play-lh.googleusercontent.com/a-/ALV-UjX0SgDQhu9cVNGSHKgkyPiNr0vnQi3WVjaXrivm2YfInIk,Low fare and too far pick up and drop off,1,0,v4.2409.2,2024-03-11 01:32:08,,,v4.2409.2
adb925d9-a49b-4049-a02e-4322da3c49f4,Jyrald Gojit,https://play-lh.googleusercontent.com/a/ACg8ocIa_lNpD-QGhnvt0D2L_6b0mSOBpPRiydcz5nTYSG9zww=mo,unfair delivery fees.,1,0,v4.2409.2,2024-03-10 23:51:14,,,v4.2409.2
6cdea8c3-06ae-4995-a3ca-7f9d62574fd8,JONIE DIONISIO,https://play-lh.googleusercontent.com/a-/ALV-UjXqumUwqmernC-bam-VayhO85BCjQgUm1lKk4p1jfzbPe4,Baba ng Fare,1,0,v3.2209.4,2024-03-10 23:32:15,,,v3.2209.4
e0cd99cb-9993-4a3f-b98b-502630e68f68,loyd tired,https://play-lh.googleusercontent.com/a/ACg8ocKNatSOULXSRw1pSAdzSgwk5YtS2tGRIQvIG_HUQdWI=mo,GOOD APP,5,0,,2024-03-10 13:19:32,,,
020b9414-91f3-45ea-a133-8ed84785f6e0,Myk Domingo,https://play-lh.googleusercontent.com/a/ACg8ocLMDwUVOE7WqpPnnakfZpqpvlagfKSRu-jHYXP7e9ja=mo,Awit,1,0,v4.2409.2,2024-03-10 10:58:21,,,v4.2409.2
183d1fe8-3c3f-4c82-b4a4-64e1ca4c4dfc,Rafael ‚ÄúBuboy‚Äù Salinas,https://play-lh.googleusercontent.com/a-/ALV-UjXeIJTLWoPwJ0DiAW7ijFuTJ5-Xq5qvHKqd0fo5pQ80Kg,Pakilgyan ng DARK MODE ang app para hindi nakakasilaw sa gabi habang nagbbyahe!,5,0,v4.2217.1,2024-03-10 09:58:47,,,v4.2217.1
cb156354-a041-42fc-9ea8-9a8e188b01b0,Kelvin Wendy,https://play-lh.googleusercontent.com/a/ACg8ocLVtrqogJ2mo-_LHKjbq6sonMFQXiKRP0PjbEsQUssy=mo,Not gaving reminder n supspend. Driver. Pls. Gave me. A. Ans.,1,0,,2024-03-10 09:57:29,,,
d8228789-c2a8-4600-be45-8c385069fc89,Vegille nieva,https://play-lh.googleusercontent.com/a/ACg8ocJMeOOehkaKVB4QmoABmgqW0Xs-hLbpU86Vm_F46Sl4=mo,Unfair Distance Fare!,1,2,,2024-03-10 09:20:10,,,
fd77ebdd-b378-4e2a-953d-db1c0b13f717,Kenneth Teoxon,https://play-lh.googleusercontent.com/a/ACg8ocKGKzeIa6TzVRATA_JTXtyspV82MxKLWikin4dTb6_h=mo,Poor delivery fare,1,1,v4.2409.2,2024-03-10 01:17:31,,,v4.2409.2
5c956e74-3fa8-4092-b7d8-ef2dff1e67c6,Nayyar Iqbal,https://play-lh.googleusercontent.com/a/ACg8ocLEmjf5G1wDm81i_iVlAMTgV8ePH2hFtO-2sCXhLBMk=mo,Bilkl bakwas app update ki hai is bar,1,1,v4.2409.2,2024-03-09 23:40:39,,,v4.2409.2
9c2ef37d-c52a-474f-a103-89f525a99433,Virginia Malagda,https://play-lh.googleusercontent.com/a/ACg8ocIwG1hEhpQcl9VVuGFna_vKAQ1M8XApiGpfhgKPZcg=mo,thank panda,5,1,v4.2409.2,2024-03-09 21:32:12,,,v4.2409.2
e8c67372-8ef4-4be9-96bb-51aa2956d723,Shahzaib Khan,https://play-lh.googleusercontent.com/a-/ALV-UjWhiuCFFFyrOdFxKAmQ9hv3lFw5DCPcc7dKuEP2vNp4w-g,Nice app,1,1,v4.2409.2,2024-03-09 19:07:54,,,v4.2409.2
4530dfa3-3653-4402-85be-93b37e0c898e,MUHAMMAD UMAR,https://play-lh.googleusercontent.com/a-/ALV-UjXC6-6AP2Gp8uwHIY8XEQbdo3E3gH4pNJgpmYhQ-YjBLnc,Foodpanda is the best way for Earning,5,1,v4.2409.2,2024-03-09 13:53:34,,,v4.2409.2
3ff0ef2a-ab3f-4ab3-a5ff-04e3a743cc54,Elena Sumulong,https://play-lh.googleusercontent.com/a/ACg8ocJGed8c6qXC71N4qYaZVvszZJHsmibmcPGme32gJlBC=mo,Baba ng fare,1,1,v4.2409.2,2024-03-09 13:02:58,,,v4.2409.2
ec0c14bc-2fb3-4221-b394-38217031e026,andy romasanta,https://play-lh.googleusercontent.com/a-/ALV-UjVh2Yg5qTOELslPm32k79EYPbyHYX8m7-3U22BuI3GxFQ,This app doesn't follow road routes instead it functions like a ruler,1,2,v4.2409.2,2024-03-09 09:31:13,,,v4.2409.2
59f791e9-289f-4cb8-831c-6c7a3130602f,Amirul Hakimi Malek,https://play-lh.googleusercontent.com/a-/ALV-UjXaPBPPMGVAOS8iIzmW8a8ixO0j0A_aNbW-eyjoHFXHbDU,fare tambang terlalu murah tak berbaloi,1,1,v4.2409.2,2024-03-09 08:22:51,,,v4.2409.2
0182980d-b89d-46fb-8c72-a7ea348b936f,Bishal Ahmed,https://play-lh.googleusercontent.com/a-/ALV-UjWue2MPN41sXa168P8fOOMPyd_tuHxdCeMYaB0JhVQM-A,best part time job,5,1,v4.2409.2,2024-03-09 01:27:34,,,v4.2409.2
6d27ac5b-5369-46fe-9bbf-d27a36e1a4e6,Jayson Arcilla,https://play-lh.googleusercontent.com/a-/ALV-UjWJ2yAzRDbKjENq9pNrJ7zKkVhRduDaD5ZguZF_UIHYhA,Poor management,1,1,v4.2405.3,2024-03-08 22:37:04,,,v4.2405.3
5295bc3c-7005-4d43-9033-aae2d65c6315,Moh Sin,https://play-lh.googleusercontent.com/a/ACg8ocIFFYA1AD94-dxsLBC1I5RYrT_pRgDoHPqEE1rt2byo=mo,Very bad,1,0,v4.2409.2,2024-03-08 19:24:04,,,v4.2409.2
29510265-e2bc-4770-a9b0-ca9f23ce72f4,Fakhrul Haikal,https://play-lh.googleusercontent.com/a-/ALV-UjXFN7M8GQ1dqC17hnABOXLCtoGBt01PGQuSIt-b5P2M_5o,Maps apps sometimes lag and change,3,0,v4.2409.2,2024-03-08 17:01:53,,,v4.2409.2
bde32847-3e67-447e-a2c9-959ded4915eb,Jay r Razon,https://play-lh.googleusercontent.com/a/ACg8ocJNGF78sSYa0Rn9QFzhDBGO1hEcMOYU061ADv0yD8KE=mo,Bulok na systema napaka baba ng fare,1,1,,2024-03-08 16:47:58,,,
f0dabb21-46d0-4ae5-ad4b-226ec2d8b887,jonas capuchinookkjhhbv,https://play-lh.googleusercontent.com/a/ACg8ocKDteTRmIGdDxYj0pb4-mzBTpRjmmML1zU2Sn1fguQJ=mo,Lugi sa delivery fee,1,1,v4.2409.2,2024-03-08 15:50:00,,,v4.2409.2
516e58bf-17da-448d-88fd-410d794e1ca4,ZAFAR Iqbal,https://play-lh.googleusercontent.com/a-/ALV-UjWqU2ZCJo3eP3fWQYI935i3TAxVMnzQviaXiXzKxbuE2I8,Best app,5,0,v4.2409.2,2024-03-08 15:35:09,,,v4.2409.2
486075c5-9f3d-4b87-9343-8b9a9bc7e74b,Rizwan Akram,https://play-lh.googleusercontent.com/a/ACg8ocJjcso13ElbiDquvJVbcKCODPYLElFW9_b-nuMHpE9K=mo,Every time loading not proper working it's not good app old version is good,1,3,v4.2409.2,2024-03-08 14:58:39,,,v4.2409.2
8a4bf0e8-6db1-43e5-9176-64f5055d13c1,Md Raihan Ali,https://play-lh.googleusercontent.com/a-/ALV-UjXUpt1qfW_Sh0g1KAj6u_weHBSdgJozfuv_pGwdCo6b7A,‡¶≠‡¶æ‡¶≤‡ßã,5,0,,2024-03-08 13:20:00,,,
1e7234ad-1eb7-4c74-94ab-bcfc14ac13ea,Frederick Hawac,https://play-lh.googleusercontent.com/a-/ALV-UjWaTMS31sVSeXs7SRVh9XHyRKKZDQGeHZMScunuhF5kUhU,Unfair fare to riders,1,1,,2024-03-08 11:30:23,,,
fa95e350-0cb0-43b3-97b5-bcfc7d79fe79,catiis nicah,https://play-lh.googleusercontent.com/a/ACg8ocLZ7W3qas_5z7J1fUnPmooD9eBHFdf3ElWkhzMMHxcn=mo,Fare is not fair,1,0,v4.2407.5,2024-03-08 11:07:24,,,v4.2407.5
d68043c5-f048-43a6-9aef-d7b3749151b4,Nicanor Ramos,https://play-lh.googleusercontent.com/a-/ALV-UjUmKLmi31lpDkow446OZ41uI74BL3M07Kb-fBZMyp6Ccw,Poor apps,1,0,v4.2409.2,2024-03-08 07:44:23,,,v4.2409.2
b3c1efe6-0fd0-4a8b-afa5-a18fa493a1b8,sunny ace ariel owaban,https://play-lh.googleusercontent.com/a/ACg8ocI94xlKZHUbFpOhn0sy2uCfB1Bsxxc_5BMcPn3oBdYe=mo,"please increase the delivery fee,,,i suggest you ask all the rider if their happy to the fare that you give every delivery.",1,0,v4.2409.2,2024-03-08 06:35:27,,,v4.2409.2
796a17b5-2dcb-4a2e-9687-98dcf2cabc4b,Ali Hassan,https://play-lh.googleusercontent.com/a-/ALV-UjWZYc6rg0ucStaCVm5htRaO-VuqLyRXwdrV8QPnoJyGiw0,"Fluid controls l,easy map & Great UI.",5,1,v4.2409.2,2024-03-08 04:17:32,,,v4.2409.2
403e1b89-917a-48ef-9ccb-d975f7c5c451,jay mendoza,https://play-lh.googleusercontent.com/a/ACg8ocKqlI9YNweTk8gLolcWgKbJrO3EGmBKTUlZ9xvDCX_g=mo,need to improve your mind,1,1,v4.2409.2,2024-03-08 01:01:38,,,v4.2409.2
9489b38f-b21c-413e-8796-60f29b6af136,Kush Mac,https://play-lh.googleusercontent.com/a-/ALV-UjVta52mzPAU4dC2wKF6cbSup71FVYqgx87tTPfY4HQEuH0,Best slow apps,1,1,v4.2407.5,2024-03-08 00:57:00,,,v4.2407.5
272cb80d-097a-4afd-a62a-cf6fa8ed1496,Nadeem Solangi,https://play-lh.googleusercontent.com/a/ACg8ocL5l2BeHYVjZ-J2ZgdMdIaHWy0ew1g1EqZzQLJ6txTd=mo,Good luck,1,1,,2024-03-07 23:36:07,,,
bcc279fa-a0fd-411b-8122-072b8b1cd281,OK I see,https://play-lh.googleusercontent.com/a-/ALV-UjWYcVDtFPZQ_6ymTdlPrhPU5-gEY-y1yfNlrlteNuaYyw,So much bug and the fare is too low,1,1,v4.2409.2,2024-03-07 22:26:18,,,v4.2409.2
5717e1e4-a236-4141-a478-b534ed8d951b,Jhon Chris Adlaon,https://play-lh.googleusercontent.com/a-/ALV-UjULdIUoUACunFBGiz1hNdLydSf1sZa5qsfAZUTwOUAlmRQ,thank you panda,5,0,v4.2409.2,2024-03-07 21:48:26,,,v4.2409.2
0dbddc28-a015-4e4a-861c-3b8983b6f000,Jeo Magnaye,https://play-lh.googleusercontent.com/a/ACg8ocKwZtGXlHETf1-do8KeyP-_2X0zU234ZOW9FOL812eE=mo,Low fare,1,1,v4.2409.2,2024-03-07 21:24:26,,,v4.2409.2
5b00ae86-2532-410e-bc36-4bf653835804,Junaid Khan,https://play-lh.googleusercontent.com/a/ACg8ocIF3m9_G3cl0EmI-pySFyZ9Dr28IphfStaz-DVv-rrz=mo,Good app,5,0,v4.2409.2,2024-03-07 20:21:21,,,v4.2409.2
597e0112-d250-4bc3-b24d-725120cc8c5f,JOMEL PACALDO,https://play-lh.googleusercontent.com/a-/ALV-UjX52R0S2hWzS-AbcK3qns9HgflQzHrVbDA-k7hYrG5UjQ,"This apps is so very good, because it helps me to my every day needs And relax job",5,1,v4.2409.2,2024-03-07 19:34:02,,,v4.2409.2
04d6e1d3-ec12-4530-b5e7-e11584a4a6ac,ÈæêÁ∂≠Á¶Æ,https://play-lh.googleusercontent.com/a-/ALV-UjWS278vtDBCSX3fYgJ2FKv20cSgcVvpgIYV5jpvJ_v66sc,Hard to use and randomly locked me for some reason,5,1,v4.2409.2,2024-03-07 19:11:55,,,v4.2409.2
8872cf3e-4d50-4def-97fa-d9935da06206,Romel Ebueng,https://play-lh.googleusercontent.com/a/ACg8ocLxdcGmv-isnxFjyCzQVPgYY3g5Obc5_PmM-Uj94m2J=mo,Trash delivery rate,1,1,v4.2409.2,2024-03-07 19:07:05,,,v4.2409.2
ca190220-539c-46d6-9a99-d340cf3ca90b,Rhyme Noah Diva,https://play-lh.googleusercontent.com/a-/ALV-UjU5gyRkAx2nZvA0MlJAGxjpFBpLNcgiWkq1ORny-WSt8aA,So clean so good üëåüëå,5,0,v4.2409.2,2024-03-07 17:45:52,,,v4.2409.2
a9bed663-76ee-4d6c-aa6e-c8ce62f2df8f,MD. MAMUN HOSSAIN,https://play-lh.googleusercontent.com/a-/ALV-UjWpfHFbPEwdJV7_zTmznbNh_uKjQpH61A-QxtU8ZUWGyCUV,Nice,5,0,v4.2409.2,2024-03-07 16:56:13,,,v4.2409.2
0c3e6605-6fd2-46e6-a0a8-ea8710cf71c1,Represent Manila,https://play-lh.googleusercontent.com/a-/ALV-UjWip6La_xcPzC8_Z29NBnx0qk_CkaH5NZfc3h3vGybtRg,"Base fare not accurate,always system error and bugs during start of the shift",2,1,v4.2409.2,2024-03-07 16:10:46,,,v4.2409.2
30cf24e8-4cff-4b44-b9dd-fa1fd3233bc5,Mark Adrian Sabangan,https://play-lh.googleusercontent.com/a/ACg8ocJhttj94Q94Tg1oyp5vbQEqCa4DcYJwJcWvVLw8Oika=mo,great apps the 1star rating is from the rider that not been grateful thank you for your service,5,1,v4.2409.2,2024-03-07 14:20:27,,,v4.2409.2
91e5c2ac-1312-42ed-9d73-cd08bf859b19,raymund ablao,https://play-lh.googleusercontent.com/a/ACg8ocJoKIx6HQ4W7xXUF4d8aDb9tzf3a2AV7uaBNtCXMbMm=mo,thank you panda,5,0,v4.2409.2,2024-03-07 12:37:59,,,v4.2409.2
8b527ffa-3deb-44ee-b831-cca369d86376,Md.Amirhossen Hossen,https://play-lh.googleusercontent.com/a/ACg8ocLy2Dnfobdf-zN302eF1SWC0iSSexbLPvfaoSCoLuWk=mo,Nice üëç,5,0,v4.2409.2,2024-03-07 11:16:06,,,v4.2409.2
8f900736-5f8a-44cd-bdab-82ddd22eda3c,riuichie ignacio,https://play-lh.googleusercontent.com/a/ACg8ocL7eU3mordFMhFVw1L1LqJsj9a0_paJiBdeRUltkE99=mo,Hindi pantay yung matrix fare nyo.,1,1,v4.2409.2,2024-03-07 11:02:10,,,v4.2409.2
d9409f53-98bc-4a2e-974d-9650b51ca57e,Mark James Bulac,https://play-lh.googleusercontent.com/a/ACg8ocI58_dm1pBRjZl3VvmPN9fteQk8ZhY3j_SblVoq0WgT=mo,Yey,5,0,v4.2409.2,2024-03-07 10:04:23,,,v4.2409.2
865c489f-1d53-4a47-8a8c-e032876173b5,wangloo loowang,https://play-lh.googleusercontent.com/a/ACg8ocIxafMk45HxTHiS_tnNV_IqdqFwvA2kF-9P6qLEb08l=mo,what's in my mind I'll work hard to travel,5,1,v4.2409.2,2024-03-07 09:07:26,,,v4.2409.2
a738d5dd-45ba-4fb7-a147-f79df428fc5b,Arafat Hossein,https://play-lh.googleusercontent.com/a-/ALV-UjUMunAJU2ybZKJbXVEEKs60KzxA8WTe_ac2Dc59QVTsmw,Foodpanda rider for self earning this app is very good thanks to foodpanda.,5,1,v4.2409.2,2024-03-07 05:04:13,,,v4.2409.2
2c7cb2cd-575f-4d41-a865-ad3b0816d374,Reina Mae Luna,https://play-lh.googleusercontent.com/a-/ALV-UjUrmlnPyP2BWgW2FZfTXHYIlOWSBYzFOfoNQL_ITriuXQ,"The management of foodpanda PH is not good, the fare is too low, it is not fair",1,1,v4.2409.2,2024-03-07 03:38:48,,,v4.2409.2
90ab149c-9e92-4a9b-a9a7-dbde261d1645,Mohammed Azimu Amin,https://play-lh.googleusercontent.com/a-/ALV-UjWny7Uf42MaERYvbuumljTmELydx7kKCSN1yV4I7o0hAg,huddai order cancel hoiya jy notification er sound howar por phone on korle pore order dekha jy na ar performance er khoti hoy huddai,1,0,v4.2409.2,2024-03-07 03:06:30,,,v4.2409.2
c484bf91-cdc3-48ac-bd6a-7895f3810305,Raul Gabriel Obra,https://play-lh.googleusercontent.com/a-/ALV-UjWhT00k0WRISYXdMwGM6DNgo-IA0BwAmqGaOk9axDcQsw,wlang awa sa rider singil sa customer.59 nppnta sa rider 29 to 35 pesos ... may kita na sa restaurant knukupitan pa rider,1,0,v4.2335.6,2024-03-07 02:09:55,,,v4.2335.6
e9dcaa0c-63cd-4388-8340-62919e5b0682,Christian Lim,https://play-lh.googleusercontent.com/a/ACg8ocInJdRbWqE4km6fIP9hDkFV3vTK9FEtbgE4DdLB2lrL=mo,Piste ukinanam,1,1,v4.2409.2,2024-03-07 01:36:18,,,v4.2409.2
dc8c2c9e-de09-48df-bf7f-542e7c48e550,manuel zorilla,https://play-lh.googleusercontent.com/a/ACg8ocK5M0UUoQ1SsO3Uo58SjHNwrSrcCQhWbJfMemFrB-Tn=mo,"low delivery fare,",1,1,v4.2407.5,2024-03-07 01:32:29,,,v4.2407.5
1cb27914-c5d3-4458-9f6a-02747819b871,TORAX CORE,https://play-lh.googleusercontent.com/a-/ALV-UjXUUT2G8f5u0Cu8QR6FZqOY2bzacIshProddx98C5xtMA,Dear Foodpanda Management Wayback before Konti pa lang ang resto partners ninyo Maliit pa lang ang area at within METRO MANILA pa lang Maayos ang fare May per hour pa Pwede mong i contest kapag lagpas sa KM limit lalo na pag bike rate ka At hindi bugbog ang motor rate Dahil shared zone lang May parking at gas reimbursement Wala masyadong pa event Kapag may concern may (HUB CAPTAIN) na madaling lapitan Dumating yung time na dumadami na yung resto partners ninyo Lumalawak na yung s,1,1,v4.2409.2,2024-03-07 00:02:55,,,v4.2409.2
31ff1e91-5a14-4dfa-9ebb-bc6431de3969,peterparker Vlog,https://play-lh.googleusercontent.com/a/ACg8ocKxBIqeIQwCyj05nhTOjzsMKreS2hTSCzs50d1dlRhM=mo,Palaging may abirya,1,1,v4.2409.2,2024-03-06 23:52:41,,,v4.2409.2
2bb47db5-09f6-460c-ba28-204a13c00b68,Muhammad Arshad,https://play-lh.googleusercontent.com/a-/ALV-UjWNiCBSY8l8joiYi5vIi-etAeLKHj6Cz8bR4FvhHho2kA,very bed app,1,1,v4.2409.2,2024-03-06 23:25:44,,,v4.2409.2
06b87f01-e7f7-4bc0-a3c7-27e37208a5e5,JohnAlvic ALAS,https://play-lh.googleusercontent.com/a-/ALV-UjVo563mrOBp1RJE8xY215uDz2itNh6CheQtGpUhBN3Fx4w,There's so many minor age rider last time i saw 15 year old boy picking up an order the face verification is so soft it needs to be more secured,1,0,v4.2409.2,2024-03-06 23:02:53,,,v4.2409.2
4ec8d10e-c3fc-4140-91b7-d3a378d158c6,Sher ali Chandio,https://play-lh.googleusercontent.com/a/ACg8ocJ9t_ihjx7s-wSaE2BxAtMLJx_mCGR-PsSL7zd5uspZ=mo,good,5,1,v4.2409.2,2024-03-06 22:42:02,,,v4.2409.2
e7bf23df-2891-4e77-bde1-1a1c569f76a4,Marlon Constantino,https://play-lh.googleusercontent.com/a/ACg8ocIgUL1uDFyow-ty3h87u8LB-oPcNCzAttHMBbhqNGZi=mo,Scam apps hindi tama ang delivery ernings ng mga rider,1,1,v4.2409.2,2024-03-06 21:40:33,,,v4.2409.2
11875290-1a31-4c72-a801-e155c7d774ba,Jhoan Quijano,https://play-lh.googleusercontent.com/a-/ALV-UjUA9RSzbnioxbh2hOkd0f7CPUWeN51nOhy230MTcE-dpwM,Mababa na masyado Yung fare tas ang layo pa ng batuhan,1,1,v4.2407.5,2024-03-06 21:03:40,,,v4.2407.5
88faacb5-386b-42e5-98c3-624510866eba,Raymond Mark Reyes,https://play-lh.googleusercontent.com/a-/ALV-UjXdBV2siVSYhMP1MV7-sMa-Hgm68S8DJQE_OwfIVc3A6ag,Very Low fare on Delivery Rider,1,1,v4.2409.2,2024-03-06 20:43:16,,,v4.2409.2
8af3e1ce-f6c5-4c36-9c29-f01b62d4bc58,jhay santos,https://play-lh.googleusercontent.com/a-/ALV-UjUgc_tibztP30V19VKppPjboIBg6Sg3Qe3yCMj1254BmBw,Pota kawawa rider sa Inyo,1,1,v4.2407.5,2024-03-06 20:33:45,,,v4.2407.5
1c6a55a4-8a6b-45a6-9866-e5273c6ace82,Bertong Bangis,https://play-lh.googleusercontent.com/a-/ALV-UjXi2vdDTOaR5KO0Ii3IIlJU2mAVUsmnpcrsoat5WskJpA,"Delivery rates are soooo low, rates per distance not acurate..no transparency",1,1,v4.2409.2,2024-03-06 19:58:24,,,v4.2409.2
e6279d23-f0f6-4ab7-8a50-7a2e92358bb8,Reymark Patapat,https://play-lh.googleusercontent.com/a-/ALV-UjVrOedtbhIP0r4aiIYgQo304RG0wPyp-dX88oykIy8Jlw,"low fare, RTV much cause to riders suppension , every update there's a bug even now i using the apps and eventually notifying me that the ""order is gone"" even im on the apps , dispatcher cannot read a basic english? omg? how about the poor rider cannot use the english speaking to you to understand! then mean while your going to auto drop the order even the costumer didn't see by the rider, this must be fix immediately.",1,4,v4.2409.2,2024-03-06 19:17:33,,,v4.2409.2
d496881e-eea5-43b0-af2c-d404b23c53d7,Francis Ang,https://play-lh.googleusercontent.com/a/ACg8ocK2sqPsVx8lNkDm_Um3_QZ5IpaJMYBTaqfX281z1Uj8=mo,"fare is to low and the delivery drop off is to far for the delivery fee, to the foodpanda app fare is 87 pesos but they give to the rider is 38 or 39 pesos",1,1,v4.2409.2,2024-03-06 18:17:32,,,v4.2409.2
7f99b158-c44f-475d-89c8-c0c5afd465b8,Mark Anthony aleria,https://play-lh.googleusercontent.com/a-/ALV-UjVVeTqfvhtdj6PK8zAkNJEsKDFHVB99LpEghcqNiW85sQ,1 star for me because your flat rate is low and there is no schedule to get,1,0,v4.2409.2,2024-03-06 17:16:34,,,v4.2409.2
364ed483-7fc8-455e-89d0-6242469dfe04,Jerald Del Rosario,https://play-lh.googleusercontent.com/a-/ALV-UjWOH-ldemrMyikD49O2fmEIJNIRNLan6JnI5Xehs997-fg,Wala lng HAHAHA,1,0,v4.2409.2,2024-03-06 16:54:49,,,v4.2409.2
3544c264-034c-437d-a8a0-a3c06cadba89,thae thae,https://play-lh.googleusercontent.com/a/ACg8ocLnpNt_wOYmlQZwzAuvSJE4tTfbZOoH_O1Gsu50CU2u=mo,good,5,0,v4.2409.2,2024-03-06 16:04:41,,,v4.2409.2
8419919e-e29f-4a08-8d7f-76cba3f04806,John Aerron Baltazar,https://play-lh.googleusercontent.com/a/ACg8ocIY9TFy7mUmljHoD4fbRSyibc_Zh_sPbwPUFa06zem2=mo,Low distance fare.,1,0,v4.2409.2,2024-03-06 15:36:09,,,v4.2409.2
3f3e01ab-d9c7-4003-b523-18b4d0683816,Richard Hinampas,https://play-lh.googleusercontent.com/a/ACg8ocKKm5tMRICvMCEJDDlCrKL22WueqtJDPlQTDeBNz3kZ=mo,Ang baba ng fare niyo puro lng kayo update ng apps yung fare di niyo taasan,1,0,v4.2407.5,2024-03-06 14:27:56,,,v4.2407.5
a641281c-9e57-493c-85e4-38244e39e523,Gelo Seva,https://play-lh.googleusercontent.com/a/ACg8ocK7X36oECVxHXKNkIahGGXH_5OADhtyxfUclL1ti7MO=mo,"The apps is anti rider,they don't care on there partners",1,0,v4.2407.5,2024-03-06 14:15:55,,,v4.2407.5
3a363ea7-36f9-41e2-bd11-6ff5ee67289c,boyz halanz,https://play-lh.googleusercontent.com/a-/ALV-UjVKt7PzD7UvmCmyAkbREWoLrKfuRLg7km6mM-P36JeMiQ,like üëç,5,0,v4.2409.2,2024-03-06 13:14:19,,,v4.2409.2
8d706391-39d0-42aa-9f64-7a97bc44735d,Sarah jean Bueno,https://play-lh.googleusercontent.com/a-/ALV-UjUqVkQBXq4ry3apcBEN9uVEnwdxKhmlLW4ceXQIgVenxw,poor system,1,0,v4.2347.4,2024-03-06 12:40:48,,,v4.2347.4
a4f1e130-9dc6-4884-ace2-719da8ed594e,Mark An Thony Zamora,https://play-lh.googleusercontent.com/a-/ALV-UjXaIFVMEN_M8g24R4sN-g_fbjsqNFJq9QzEtAa3l7W1yIA,thank you,5,0,v4.2407.5,2024-03-06 12:35:28,,,v4.2407.5
59344ea9-2f64-4fe7-9ef6-a638411d4b41,Rosemarie Elopre,https://play-lh.googleusercontent.com/a-/ALV-UjUB4BCs18YPL6lC2bCaoKHqEmgHPm7m7MGdUonCibOVkQ,"It's too low to give a fare, it's not fair what he's doing to the riders, gas and food are expensive, why is he giving a fare like that, please fix your system",1,0,,2024-03-06 12:29:41,,,
982c5089-a180-49b4-9804-97c3474318ed,elimar amosco,https://play-lh.googleusercontent.com/a/ACg8ocIwHbA6qx8NV5qggQdm9G4ln2mDEOrVX6D6Wo9wqHc=mo,Worst customer service.,1,0,v4.2409.2,2024-03-06 11:39:49,,,v4.2409.2
4d5df01d-8eb3-4514-ac9d-f96868957a7f,martin jan buenaventura,https://play-lh.googleusercontent.com/a/ACg8ocI2qnlgyxCv34sJkfNCjdRnzontgb94IgQ1xLtXKfQx=mo,The agent is not understandable,1,0,v4.2409.2,2024-03-06 11:31:24,,,v4.2409.2
4da4a8f7-9147-484b-9aac-fafbbff94b1c,Eric Omar,https://play-lh.googleusercontent.com/a-/ALV-UjW0y0DcFv-F7Hww9aJwG0Sssfy3Bjhi0Ea0H1JTkhQmFRk,Makikiuso lang.,1,0,,2024-03-06 11:29:55,,,
55a4e383-a882-4eba-abdd-b10f221bf9bf,Tamad SiAq,https://play-lh.googleusercontent.com/a/ACg8ocJkGqjyT7npkB6LYkuyBZ-oLC1i7FobkUEdj860AzmW=mo,Umay walang sumasagot sa complain ko Puro deduct Wala Naman equipment dumating naghahanap Buhay Ng maayos ganyan ginagawa nyo,1,0,,2024-03-06 11:02:58,,,
9a9ebdea-6ed5-412c-b8af-926193a41f12,John Michael Java,https://play-lh.googleusercontent.com/a-/ALV-UjWs0A8lGz9cWmZqwKZCxRDqJkkWjDx2lCusOfVH2xOhEA,VERRY FAST BOKING üòò‚ô•Ô∏è,5,0,v4.2409.2,2024-03-06 10:53:35,,,v4.2409.2
cf83f233-b0e4-434f-b06f-75acdca0ad3d,Krishnel Garcia,https://play-lh.googleusercontent.com/a/ACg8ocKBhQat8KP2tDiGkijdesmRSSAXEiJVRdFqoY8hroB1=mo,"Please, do something about fake booking. The dispatcher should also get a proof like pictures of the food and receipt from the customer that they really recieve the food. There's a lot of customers who make fake bookings and when the dispatcher calls them, customer lies and tells that they received the food even though they didn't. These will let the dispatcher to manually drop the order and its a really stressful part for the rider to deal with.",1,2,v4.2409.2,2024-03-06 10:27:41,,,v4.2409.2
3a38ab12-8fcd-45dc-93a9-f6ed67c51b13,Aminul Islam,https://play-lh.googleusercontent.com/a/ACg8ocLXgyu6YccUIyX3WAIW0I8lHTUnFfvmXtYata1w-09-=mo,good,5,0,v4.2409.2,2024-03-06 10:20:09,,,v4.2409.2
ebf50ea1-dcd4-4b26-aa4a-3119b5d6324e,Edelson Gilonga,https://play-lh.googleusercontent.com/a-/ALV-UjV2wwPZ5x4Pj0omHtRdAAuTIzbYsfwk5NjtrA60BpogvI8,Bulok fare. Napaka tumal pa. Damng nagkalat n fake customer. Sobrang hussle na mag foodpanda. Babalik ka sa vendor sayang gas tas pahirapan pa ibalik to vendor yung items. Tas rerestrict klang. Umay.,1,0,v4.2331.7,2024-03-06 10:02:18,,,v4.2331.7
146f58d3-8e7e-4082-9330-2a6b0f57897a,Jerwin Villapando,https://play-lh.googleusercontent.com/a-/ALV-UjUme7-SXthecbPzHYFQrT-wazEWMovYCUaEddmX13TDMQ,di makatarungan fare.,1,0,v4.2409.2,2024-03-06 09:15:13,,,v4.2409.2
11ed9323-2e0f-404d-b746-1def7d988727,Ryaneroll Ayon,https://play-lh.googleusercontent.com/a/ACg8ocLxGIdVww0ekF6GyYc12hANaOJorq-EbHsEduFhMLrV=mo,Unstable updates!,1,0,,2024-03-06 09:08:23,,,
470164ff-d1e3-4877-9bec-119977fae711,Ben Cabotaje,https://play-lh.googleusercontent.com/a-/ALV-UjWQBYhe1YDCW3A5Oj3NyD9OLF_EFJ6dI3xZbaaBWoUs4A,apps is ok... management is not ok...,1,0,v4.2409.2,2024-03-06 08:04:13,,,v4.2409.2
e0c04fdd-4dfb-4714-9169-847c70e35997,bagaporo louie,https://play-lh.googleusercontent.com/a-/ALV-UjWMPv7XKnyOfZ9WnuNQzqsmNWYOTog6uUbZ3yrBOzJ3aQ,earnings is so very low,1,0,v4.2405.3,2024-03-06 07:54:44,,,v4.2405.3
8db7fa2f-5e81-480f-a98c-b5dd420a1d07,finger roll,https://play-lh.googleusercontent.com/a/ACg8ocKDdkf3n9TH7PVeH3ZTgdkqJGXFAoZhq26oo1yzvIKk=mo,Low salary distance and fare is not fair,1,0,v4.2351.0,2024-03-06 04:36:11,,,v4.2351.0
3f746d46-4895-4551-9792-6352f954c269,Rufino Marcelo,https://play-lh.googleusercontent.com/a/ACg8ocK92qLqaUuESIYCO5V5mgmA1nlzWI2UEM1Q9EvRVjmu=mo,poor rate beacuse of the system .. lower fare for deliver rider,1,0,v4.2409.2,2024-03-06 03:30:38,,,v4.2409.2
e1947f65-c4a1-43d1-bba7-96060abfbdc3,Muzamil Ali,https://play-lh.googleusercontent.com/a/ACg8ocLYMpWbe_NsC5-vBRpxpWiWhanAMCwb46uKL_iLAEZi=mo,Assalam walekum sar hamari ID ko Sahi kiya jaaye aur hamen achcha update Diya jaaye Taki ham acche tarike se kam kar sake aapki bahut shukriya sar,1,0,,2024-03-06 02:48:56,,,
b30ded72-b868-4037-9912-55ec08accfd5,lore sbrvns,https://play-lh.googleusercontent.com/a/ACg8ocJWv2AlTVArZi0ZAegd4FJBX7bhLdNNPMC4DZ8Uu4k9=mo,mababa ang fare talo rider sayo pandoy awit,1,0,,2024-03-06 01:25:59,,,
e1c72057-adf7-4818-9729-0c6abfebec4f,Muhammad Aslam,https://play-lh.googleusercontent.com/a/ACg8ocIjxr26ZegrNqGMwPaaPe6QnZ_PSV8VrPFFhnp9WsU=mo,best,5,0,v4.2409.2,2024-03-06 01:23:46,,,v4.2409.2
bf89be2c-3ee5-484b-98ae-23a2cc8a48f9,prinz ensomo,https://play-lh.googleusercontent.com/a-/ALV-UjUTL6i2Ge1gDL6KT49biJNHF1K7RF0iWrsC72xSMKpLgbw,Kupal,1,0,v4.2409.2,2024-03-05 22:59:40,,,v4.2409.2
a379f660-6052-42f6-a2a5-df3b726dbb53,Creator's Solis,https://play-lh.googleusercontent.com/a-/ALV-UjVwHDfmX5xCPBWZyt_Ka24wAc2UJantZN9ncdliNO_w7Q,I hope the facial face scanner will continue so that the purchased accounts from other riders will not be used for mischief,5,0,,2024-03-05 22:22:46,,,
edabf96c-8661-48b7-a13b-b34a820cbfb4,Likhu Alli,https://play-lh.googleusercontent.com/a-/ALV-UjV0UTYLTre4-CtYSbKot3N9h_eSp3MqgXd0iEvEQ1KmW2g,Mediam,4,0,v4.2409.2,2024-03-05 21:58:18,,,v4.2409.2
5fb71545-09ff-44be-ac03-4cf9517ccea8,Blanch Dinulos,https://play-lh.googleusercontent.com/a-/ALV-UjWp3YXOmFb4vrqEU3U0XVdY_br9_-veJJi-bO-a_tC_kTA,Delivery fee vendor to drop off for rider is not accurate. So low! The payment for delivery is not acceptable for all the riders! (Ang baba niyo mag bigay ng fare),1,0,v4.2407.5,2024-03-05 21:53:13,,,v4.2407.5
c292093d-a14e-4e4f-ae1e-f9ad04b5225d,Jacob Oliquiano,https://play-lh.googleusercontent.com/a-/ALV-UjXRi8TfiIIraK_Gw4A-0y0CqIDtA7cesI0o-A-6PB0AkOE,"the fare is low, poor riders, you are the only ones making money.",1,0,v4.2409.2,2024-03-05 21:50:58,,,v4.2409.2
4f7298fa-0212-4ec1-9959-208e153103c0,khenry ferolino,https://play-lh.googleusercontent.com/a/ACg8ocI3i77iJIZf-02usGEyD_aTs5C9Dbcgbr-JWQN9_XKW=mo,To many bugs and small fare for bike rate.,1,0,v4.2409.2,2024-03-05 21:49:11,,,v4.2409.2
96b4eeeb-a5ba-459d-815f-d5b7c02f37c4,zulfiqar ali,https://play-lh.googleusercontent.com/a/ACg8ocLmfl0JrJ_MGAPyzwg49cszdxzaRFuDTF0DOIYSwz0f=mo,foodpanada delivery,5,0,v4.2409.2,2024-03-05 21:19:29,,,v4.2409.2
a9b9d1eb-b783-41bb-9d65-2c868f544e94,Jhonpaulo Ordan,https://play-lh.googleusercontent.com/a-/ALV-UjV9PCuvohpNdj17C_V3K46ekd6WrthQF3BmBjBQt9aMJUo,Hindi kana tulad Ng dati Foodpanda Ang baba na Ng fare kawawa rider sayo . Ang baba na Ng fare. Ang lalayo pa.,1,0,v4.2409.2,2024-03-05 21:11:11,,,v4.2409.2
fe14ea6d-8b94-4fd8-9f08-eb3c79b694cd,Nayeb Hossain,https://play-lh.googleusercontent.com/a-/ALV-UjU-oDv7f-ictz9WDmWEsW2hTYRezHwSk55-1sMJHoeklrU,We want justice from bagladesh,2,0,v4.2409.2,2024-03-05 21:02:41,,,v4.2409.2
6a962c1d-a62f-434c-bff1-9bbcbd825794,Patrick Joseph Velasquez,https://play-lh.googleusercontent.com/a/ACg8ocL7MNaezRMB5XMbzOznH753npF55BzXDmZJA-MUG5_-=mo,35 pamasahe ano kinakarga namin sa motor tubig??,1,0,,2024-03-05 20:57:41,,,
c138b483-40a9-4db5-b46b-543a12a4a7e1,khuda bux,https://play-lh.googleusercontent.com/a-/ALV-UjUuwXxEKkADO9_OYJYYSMf1jJE2ESv0JSLbDAk2aQTc6A,good,5,0,v4.2409.2,2024-03-05 20:42:36,,,v4.2409.2
1a55c30b-2d27-443a-81e6-ff2c44cc2459,Anupom Chy,https://play-lh.googleusercontent.com/a/ACg8ocJAgqKk1_QzExEZwh3AtCvKkXa_PAvIDAJmijMuj-uz=mo,Sir I work as chittagong foodpandai rider.For last few months my id is giving problem.Automatically order comes again.And it gives a message.I don't move any order manually.This also happens.Because of which I can keep batch tick. No. I would be very happy to look into the matter please.,1,0,v4.2409.2,2024-03-05 20:40:59,,,v4.2409.2
8b953ccd-a7f7-41f5-8def-f572efc9cd63,JOELCUTIE4EVER,https://play-lh.googleusercontent.com/a-/ALV-UjVDW3IZh38x0qSacKem9x_WiEMFhlY6ILbQnQD40EZUeg,"Very low fare. very disappointing ,, not recommended for others",1,0,v4.2409.2,2024-03-05 20:31:56,,,v4.2409.2
7af5b21e-2183-492d-8b90-3313d5e82ad0,Banagale Warren,https://play-lh.googleusercontent.com/a-/ALV-UjWy0TgBRY1_Sa7udMYoBGlsH2LxifU1PiNYOeUYY8-jNtA,mababa na ang fair mo di kana patas sa rider at pati tip kinukuhaan mo ang rider mo,1,0,,2024-03-05 20:30:44,,,
43a0d7c6-9501-436c-8d50-ee6140903cb1,Muhammad Ali,https://play-lh.googleusercontent.com/a-/ALV-UjWYlQJuLD5P-EifxMTm7iaTt94wuemPvgS0vmQa_surc9E,good,5,0,v4.2409.2,2024-03-05 19:46:03,,,v4.2409.2
2144f5bc-cb5c-476f-b2f8-fe4973093576,Herold Pe√±a,https://play-lh.googleusercontent.com/a-/ALV-UjXV2XOUIYWSmX57_qGsTG5yCKEJNJaqd8on685ur6tX7g,Please update the facial recordnation this apps Is Using other people he/she is not own Account thank you.,4,0,v4.2407.5,2024-03-05 18:35:45,,,v4.2407.5
b84e10c0-4102-4428-b909-5deedc6f8510,JaySonBM,https://play-lh.googleusercontent.com/a/ACg8ocKzfZ3HIyQWeruzKWzqyOhUzYID7fZ6y8JexB4fUXl0nQ=mo,Walang kwenta,1,0,v4.2409.2,2024-03-05 17:40:13,,,v4.2409.2
fb76e0aa-73e9-4249-9ea4-d3c90d2924e6,Jr Nuyda,https://play-lh.googleusercontent.com/a-/ALV-UjVyt3k_T8MOl7Ka2JTdeL97iMRvtK21JfUGdKVUy5DGs9c,Tanggalin na ang shift ahift na yan d nmn nassnod ee at paayos ng fare matrix,1,0,v4.2409.2,2024-03-05 17:27:43,,,v4.2409.2
bfb1552e-96bb-4ea0-9ca1-7ab7bdc6cc6b,Ouk Chankrisna,https://play-lh.googleusercontent.com/a/ACg8ocJK287mSEObl3_lFFQV1KRS962C8_UvUWgBXZyNzrkB=mo,Good,5,0,v4.2409.2,2024-03-05 17:13:17,,,v4.2409.2
4d787407-3540-49b6-a499-7cd86e39a102,Default Account,https://play-lh.googleusercontent.com/a-/ALV-UjXvlXioFgvhPo-dHX9LW7TKDtelJNCqhpC1Y9jehCb3XcE,"What's with the new log in update? Extremely hassle, what are you gonna make us do next? Dance? Stupid!!!",1,0,v4.2409.2,2024-03-05 16:46:25,,,v4.2409.2
54856df8-2eca-4728-a936-d22d3f94aa0d,jeffrey vega,https://play-lh.googleusercontent.com/a-/ALV-UjVJck7FYSqCnzHj6ESfIYrkTs2IlXWONvIFPuoEGHwYaA,Good,5,0,v4.2409.2,2024-03-05 16:06:27,,,v4.2409.2
343d3878-6312-4634-ab73-be7a919bd78d,KawaiiOppai (KawaiiOppai),https://play-lh.googleusercontent.com/a-/ALV-UjVpOjc1GdeGfyJa7hlN_duVMShnm5qFJLcrrfcbxzlYISY,"Inaccurate fare, useless area filter because of open zone, poor customer service, idiot dispatcher and useless rider support",1,0,v4.2349.4,2024-03-05 15:53:52,,,v4.2349.4
182dcff9-f120-4d15-a79a-4c94ac77f9ae,Emon Hossen,https://play-lh.googleusercontent.com/a/ACg8ocKkKKhm5xLLwo4ES6dvucwKG3aVBhde-4E8zWIhANJxqA=mo,nice,1,0,v4.2409.2,2024-03-05 15:40:23,,,v4.2409.2
9d938386-cd15-4881-9622-8757623897dc,Aelred Cabanlet,https://play-lh.googleusercontent.com/a/ACg8ocLgkFlJfeCuxhYKcQJ-mto6uQpfCQnjfG3DzgoNRvpS=mo,sana lumakas naman tska tumaas Sana yung fare kasi yung kita imbis na padagdag pabawas pa ehh,1,0,v4.2409.2,2024-03-05 15:08:55,,,v4.2409.2
2c09e920-7fca-4bfc-8417-4f0eec0743f3,Christian Tamma,https://play-lh.googleusercontent.com/a/ACg8ocKqcvg2gBamp37K9s_hfs_YejpBqQ8m2keSerYqL3Xq=mo,Awit sayo pandoy sobrang baba na ng fare mo!,1,0,v4.2409.2,2024-03-05 14:49:41,,,v4.2409.2
517d774d-d00f-4436-9219-66391284bbf8,Hazel Relos,https://play-lh.googleusercontent.com/a-/ALV-UjVpYFZTFeX8MLHsSfcICExmhNPBdzrCSuTZpRAoEQbADrE,Amazing Apps ‚ù§Ô∏è‚ù§Ô∏è‚ù§Ô∏è,1,0,,2024-03-05 14:36:48,,,
1210004b-c512-41a8-be69-d5bae5cc4c53,Allan Baflor,https://play-lh.googleusercontent.com/a-/ALV-UjXQOw6t6wXQ4zlNOlr_FbZUoOo-22vTHpILMSrdg6ws1A,Delevery,5,0,v4.2409.2,2024-03-05 14:21:52,,,v4.2409.2
03af45e3-2d90-4320-a6b0-3a391b2e2656,Baldovino Nazarene Jeshua (3C- ICHEM),https://play-lh.googleusercontent.com/a-/ALV-UjUyNzwWKj-NwI4QOpPQlnj9gPCVIGgZwRILfBGiKgPGCOg,Kupal na kupal,1,0,,2024-03-05 14:16:35,,,
808d21f0-a3da-4f0f-a523-4ecf65c46b17,Dex Gaming,https://play-lh.googleusercontent.com/a/ACg8ocIOaiEK_7WRPFMD7WxsrgRSyzNnPoX3i91koWkjtGmv=mo,KADAMING BUG NG APP NYO UPDATE KAYO NG UPDATE KASI,1,0,v4.2409.2,2024-03-05 13:01:40,,,v4.2409.2
5aa06d36-44ec-435d-9762-3efac2d47228,Celina Singh,https://play-lh.googleusercontent.com/a-/ALV-UjU51fA5SIFn2xHOyWQJrfa5xqpnxf3ct5nFDiMgTB_x4mM,Fares are really unreasonable. Please do something that will make it worth tiring for.,1,0,v4.2407.5,2024-03-05 12:46:37,,,v4.2407.5
5c81c510-dfbd-4904-8dee-7d95b61b51e7,Irish apple Caylao,https://play-lh.googleusercontent.com/a/ACg8ocLRCyXuUdHCbqNTQWyxL36QrVudYQ6uu-Cu_qowNc-h=mo,"It's a rotten system, shame on your riders Ôøº Ôøº",1,0,v4.2409.2,2024-03-05 12:33:30,,,v4.2409.2
18d557cf-7b53-4bea-868d-3779f70c0b1c,zeromax95,https://play-lh.googleusercontent.com/a-/ALV-UjUsZJCpFO5MsS48ovZLpuW1Ku4Xye6OY4nnYoH1kcVJxw,"Fare distance calculation sucks,apps has many bugs",1,0,v4.2409.2,2024-03-05 12:00:22,,,v4.2409.2
43d5022d-8c16-4e21-8984-5777c8c1d0f6,Manuel Kevin Asistorga,https://play-lh.googleusercontent.com/a-/ALV-UjVKB3Riwa9Wy3FrA_3X7Xt-edSZRsChunJktiwEie9S3A,"Hindi makatao yung fare sa layo ng booking, update nyo fare nyo wag puro device nyo kaya kayo ginagawan ng mga kalokohan ng mga rider.",1,0,v4.2343.7,2024-03-05 11:22:29,,,v4.2343.7
73a2f9f7-4b4f-457e-9f91-5cdcf9d7063e,Julius Katindig,https://play-lh.googleusercontent.com/a/ACg8ocKruo-X6Qt3R6bSxbHomLB0hmG7j7c8RpIdCvPrvAu6=mo,nice,5,0,v4.2409.2,2024-03-05 10:20:08,,,v4.2409.2
d1cd0639-0e7c-4267-b912-66aeef11da7f,Lex Marvin Ni√±ofranco,https://play-lh.googleusercontent.com/a-/ALV-UjVh_Owc6kIiqZALKT2GTigK7-iNbgrqiNZm_RU0OXNCg9xM,VERY LOW DELIVERY FARE FOR THE RIDERS,1,1,v4.2345.4-rollback,2024-03-05 09:20:17,,,v4.2345.4-rollback
b125bd82-0da4-418f-9b3a-7f99183439ca,Romari Mangconsay,https://play-lh.googleusercontent.com/a-/ALV-UjVMUkeqB6UW_HAbLeMWkWVED2PACWHCQOdSBv5ZQdQFo-I,"Mababang fare , di nila Kaya solutionan Ang auto drop na fake booking Basta sinabing ng cs na natanggap na nila kahit dipa Wala na auto drop na",1,1,v4.2409.2,2024-03-05 08:52:53,,,v4.2409.2
c8a14e7f-e61e-4bbe-b0b3-bbbccae85105,Arkinjohn Corpuz,https://play-lh.googleusercontent.com/a/ACg8ocJeijqHW8oUBnCAL9YkLXCLsw0diHSK4Ubv4RevhZ-C=mo,HINDI MAKATAO!!,1,0,v4.2409.2,2024-03-05 08:47:27,,,v4.2409.2
b62d436f-65f5-40d0-9355-91a1d86f150f,Johnrafael Cabatingan,https://play-lh.googleusercontent.com/a-/ALV-UjUGsWWhQFIBMSv2RHmGMIeQ4IOBenP-x8_cq-IFnTiSBw,Walang awa da mga rider. Buy one take one any booking. Pagdouble booking Libre nlang ang Isa pasuyo nong ang isang booking.,1,0,v4.2409.2,2024-03-05 08:43:11,,,v4.2409.2
84aec5b8-3ecf-4ac9-b70f-a659694e8ae0,adrian perez,https://play-lh.googleusercontent.com/a-/ALV-UjX4tDEno8WXqQT-dNtkBrYiZ-wb197TIIFkoJmIb8Bo8WU,Very unfair sa rider!!!,1,0,v4.2409.2,2024-03-05 07:59:24,,,v4.2409.2
676e0736-2182-4034-a517-50ddd37a0267,shahzaib yahya,https://play-lh.googleusercontent.com/a-/ALV-UjX4cpyn-ynY_GAsQbXRZNp9ZN9UDCrU1eqQVAHAMM9EPQ,this app is very great for those people's who wants to earn money in par time and full time thank you foodpanda community,5,1,v4.2409.2,2024-03-05 07:13:01,,,v4.2409.2
73bf975d-d37c-4e21-bbbd-3e6eb7891732,Angel Smith,https://play-lh.googleusercontent.com/a-/ALV-UjVhysQk9cQR4FSQz21b_xnQZVvqGMN3GrB7ESH80_31mA,Poor update,1,0,,2024-03-05 07:11:49,,,
8d91b519-b036-4698-9003-a3a9314e6dcd,Juicewa Sere,https://play-lh.googleusercontent.com/a-/ALV-UjUdmtwlMXRWWJzYQAB59xom7CKeA_Lx_mSE7VYPUZsCcWw,bulok,1,0,v4.2409.2,2024-03-05 05:41:44,,,v4.2409.2
26f7ced5-2236-4e24-98b3-1f35d54dd4bb,jiezel perez,https://play-lh.googleusercontent.com/a-/ALV-UjXQMCWRQSB74hhpa9i-CVSBZbRl1GTFmAqWMa___c0qWPE,low fare for the rider but delivery charge for the customer is too expensive..,1,0,v4.2409.0,2024-03-05 05:33:27,,,v4.2409.0
4148c149-3255-447e-b638-cb16798daab5,Bryan Orsal,https://play-lh.googleusercontent.com/a-/ALV-UjUwLypXlg4hDB98TNzKYu6RxkCXlTZtXmgD530XxPZOeO0,rider delivery fee is too littleüòî,1,0,v4.2409.2,2024-03-05 05:12:36,,,v4.2409.2
1af6c8db-8f20-4154-a270-dcf1665bc815,Nico Salvador,https://play-lh.googleusercontent.com/a/ACg8ocItu_fyNdZ72WyeMnVl9KujR9JwI8O6K9HOeQtTB027=mo,very low delivery fee,1,0,v4.2409.2,2024-03-05 04:58:55,,,v4.2409.2
ac63c9c1-8320-44a4-b655-163a14beabe6,Karne Cruz,https://play-lh.googleusercontent.com/a/ACg8ocIbWU3ZUzBzkDoDRh82iB52sRpj8LuDMzxeU9nLCUP4=mo,üò≠üò≠üò≠üò≠üò≠,1,0,,2024-03-05 04:53:42,,,
55f5775a-f902-46ff-9601-9483701e8a01,Edbert Abao,https://play-lh.googleusercontent.com/a-/ALV-UjUYKkA-tSSDF-OlVhBj68u3X9l15omphMqhSaoidbOO8w,"How food panda calculate pays to the rider it not worth delivery fees to the rider ,the booking to far also from the customers ,also dispatcher cannot solve emmiediete problem for fake booking dispatcher auto drop even the custumer did not receive ordered food",5,1,v4.2407.5,2024-03-05 01:13:19,,,v4.2407.5
bb1bd4f9-a722-48da-8f49-12c42bda6a71,Eutequio Catayen Jr,https://play-lh.googleusercontent.com/a-/ALV-UjUUGGV4yYHfghUszlf5-KsFcxJfSbLJ-3332xhEJ4F5XUQ,Fix your schedule,1,0,v4.2409.2,2024-03-05 01:13:10,,,v4.2409.2
235f663b-25c6-4a76-9288-fe7355686322,John Michael Enriquez,https://play-lh.googleusercontent.com/a-/ALV-UjWGTDM28HHs9zYkcm1G97y2Xe8pM6C9vH2s_p9nF90mMOs,"Please increase the fare for delivery riders - Increasing fare for delivery riders acknowledges the growing challenges they face in their work, such as rising fuel costs, maintenance and rising cost of living. While it may lead to higher prices for consumers, it's essential to ensure fair compensation for the hard work and dedication of delivery riders. This adjustment can contribute to the sustainability of the delivery industry and improve the livelihoods of those who rely on it for income.",1,0,v4.2409.2,2024-03-05 00:56:22,,,v4.2409.2
40d5a22f-9fb2-4a02-8a70-9c935f7ebc49,Eugene Ereno,https://play-lh.googleusercontent.com/a/ACg8ocLvN26XNjuShW-GPVP3Q9rfJmTnm3cotXdGcK2zy3w_BA=mo,No shift if youre in batch 3 and agent in support is dumb cant even fix or even know if its a fake book and the rate is so low because its point to point location,1,0,v4.2409.2,2024-03-05 00:48:05,,,v4.2409.2
6064e420-4c8d-4398-91f9-dd05a6ede19f,CM Visuals,https://play-lh.googleusercontent.com/a-/ALV-UjXKzrVUFKXyA1Knw0RuksWVggZIf_6RaaVzCRUaP-qO9kA,Trash app,1,0,v4.2409.2,2024-03-05 00:01:31,,,v4.2409.2
ddfa9ebe-9c6d-4089-b607-cc06180bf1a3,Wisdom Llosa,https://play-lh.googleusercontent.com/a/ACg8ocL1JhFlPobUrqjeyR7Fe14JQvceCw0v0vdDAdT6B7pd=mo,Fare is so low distance too far..,1,0,v4.2409.2,2024-03-04 23:57:11,,,v4.2409.2
cad28e66-d883-4918-8b8f-6708acc1656b,Joven Mabanan,https://play-lh.googleusercontent.com/a-/ALV-UjWD3AEchsB627UD0ZhZA5iXIUP2m_bSciQnvG9_0d8k4A,The rate is so very low .,1,0,v4.2409.2,2024-03-04 23:46:26,,,v4.2409.2
8b6572ba-0ffe-4e2c-9a15-2eaedc743b2a,Jordan Reyes,https://play-lh.googleusercontent.com/a/ACg8ocKQnC0OMlIG1RIucArKuDuGHQmKVZWKeboUvEkVxVke=mo,Paki ayos ang fare ikaw nalang ang kumikita alagaan modin mga raoder mo,1,0,v4.2409.2,2024-03-04 23:07:49,,,v4.2409.2
ff2e64f6-6c3b-4bbc-a424-59e4a575f79d,Claire Mediona,https://play-lh.googleusercontent.com/a-/ALV-UjXf5ZQ-Pck3-urEcVahyU2AkX0KCTKteKC_34jcTwcrJ3E,"Very good app and user friendly. DON'T MIND THE LOW RATINGS/1 STARS, they are not related to the app but its mostly from riders who are ungrateful for the work they have. The app itself is excellent, the panda's system is sometimes glitchy and could be improved and it will be excellent if they will add a navigation on the map so we don't need to use google maps.",5,2,v4.2409.2,2024-03-04 22:55:51,,,v4.2409.2
651cf7d2-e18b-4371-a359-ccd0c781908d,benedict barrun,https://play-lh.googleusercontent.com/a-/ALV-UjXpnXpuGQK1XkYWh9FSfUFWuN5j5IV5bhoN34GM9tGq3w,Low shipping fee and so many bugs,1,0,v4.2407.5,2024-03-04 22:54:41,,,v4.2407.5
d8a2abac-8dda-47ab-98dd-b0c014021535,Kim Cabantog,https://play-lh.googleusercontent.com/a/ACg8ocKXBYawCfUsCAF1WUbHpSIdCptiEmU7U58DLnJGlHnB=mo,Poor management the rider is suffer because the fare is very low. And the tip for the rider is cut in the panda apps.,1,0,v4.2409.2,2024-03-04 22:21:46,,,v4.2409.2
204eee6e-41ae-42b4-8e48-79e835c2d3e3,Malchiedane Escalicas,https://play-lh.googleusercontent.com/a-/ALV-UjXvFiS9KXxAXOeZii7f5HktIGFjpUykadBJnIqIvCgAww,"The management of this app exercising unfairness to its partner or riders in many instances, instead of listening the side of the rider concerning the problem mostly they sympatize to the customer wich leads to rise of the scammers of the app.",1,0,v4.2407.5,2024-03-04 22:11:14,,,v4.2407.5
5ec78d76-5c13-42cd-b1f1-dae29c6fb818,Dexter Deogrades,https://play-lh.googleusercontent.com/a-/ALV-UjXU76zxVW-BCuz6VHJp4pi1IOKA1ncsiCO1ZA6IngdgZg,poor delivery fare.,1,0,v4.2407.5,2024-03-04 21:38:29,,,v4.2407.5
f09031ad-cfda-4d74-a093-8a19029ed06c,jafet ramos,https://play-lh.googleusercontent.com/a-/ALV-UjWnMlAX_yTNETFtS7FnSLoPSjrrpgDRXUKcy5dbB5S1rBw,poor service,1,0,v4.2407.5,2024-03-04 21:28:42,,,v4.2407.5
3194cc99-f55e-4c1d-9293-bd6db868dae2,marvin matarong,https://play-lh.googleusercontent.com/a/ACg8ocI9VP_fsBzmKoVUP80qaDW5xS9NrAjN2QHCKum-GJ8-=mo,low fare,1,0,v4.2351.0,2024-03-04 20:28:05,,,v4.2351.0
c0da985a-9294-4f08-9897-a9613738bdab,Christian Albert Santos,https://play-lh.googleusercontent.com/a/ACg8ocIju5qTvuZ2XlVJX-vPuLPwTDYz548wow3XZtm0uV4i=mo,Sobra na yung baba ng rate na binibigay ni foodpanda. Maging patas naman kau sa mga rider.,1,0,v4.2407.5,2024-03-04 20:20:28,,,v4.2407.5
034645c4-3552-48f8-86dc-9a65a847ffef,mikel lucasia,https://play-lh.googleusercontent.com/a-/ALV-UjXVa1n5w7KDK3PZUVqZc-tvDSwsfDTBCahB3cFyEhXlNQ7N,Not recommended to others,1,0,v4.2409.2,2024-03-04 19:49:32,,,v4.2409.2
4ab7a7ac-128f-4ed8-9f74-3c4eeb9e6ca8,Santos De Vera,https://play-lh.googleusercontent.com/a/ACg8ocJC4N89-Mj2uFPZuUxOF1e9S7uSgrAuOjpq5i_YgnFF=mo,Wow na wow,5,0,v4.2409.2,2024-03-04 19:36:34,,,v4.2409.2
f39ca237-e4dd-463b-aa58-55b788bd1383,Yuji Itadori,https://play-lh.googleusercontent.com/a/ACg8ocL_3QSpI5g43zKIt5O_6e8WPtZfMQxmxTfpc5xSs4_H=mo,Abusive to riders. Unfair fare compensation.,1,0,,2024-03-04 19:19:04,,,
4e0f7978-1493-4177-8100-862fc9d62e8a,‡¶Ü‡¶≤‡ßç‡¶≤‡¶æ‡¶π‡¶∞ ‡¶™‡¶•,https://play-lh.googleusercontent.com/a-/ALV-UjWkDrP_6P20EiQBj0Rtq_gnbIbOc2RVDaEyGaplWbz29Q,dalivery charge is low,2,0,v4.2407.5,2024-03-04 19:07:18,,,v4.2407.5
ecf6cbf8-e4e4-4eb1-ba62-9938158a0563,CHRISTOPHER BALUARTE JR.,https://play-lh.googleusercontent.com/a-/ALV-UjVTo4PRH4RqVRPO0Myyun9EDML8yJDymkoouetKNxyp2hA,panget na ng management,1,0,v4.2407.5,2024-03-04 18:46:27,,,v4.2407.5
a7294961-1511-44ce-b5f7-42082fe770a1,BULLXDOG TV's,https://play-lh.googleusercontent.com/a/ACg8ocIYSwZP9PUt8zVrmDY9Nt16gXSW7TnO0Q_AbmUXkDkw=mo,PANGTANGA YUNG APPS PAIBA IBA PAGMASAYA YUNG BIKER RIDER SA INCOME GAGAWIN KATANGA TANGA! ATLEAST NA PATAAS PABABA KA GUNGGONG,1,0,,2024-03-04 18:20:46,,,
71756203-d428-470c-8cb5-24edb5d7d840,Josephus Varona,https://play-lh.googleusercontent.com/a/ACg8ocIIyyMu8Vd93HKOaLSdD13hUp6uyAxXIwZeTMfxcdk=mo,INCREASE THE FARE OF YOUR RIDERS,1,0,v4.2407.5,2024-03-04 17:41:18,,,v4.2407.5
fcbd0654-e807-4b03-b6ee-266897d826c6,RECHO JR.,https://play-lh.googleusercontent.com/a-/ALV-UjUH5C67a9UQ0au3mg2oRo_ZnkwLn7UAqq622RoED_WHXA,The fare is so low,1,0,v4.2407.5,2024-03-04 17:37:44,,,v4.2407.5
2eeb028e-8461-4090-9913-845aa9af576f,Adriel Plagata,https://play-lh.googleusercontent.com/a/ACg8ocKRE4J1WFACVnq6AFYZWhX9bKYD4cLPUsBOGjTc2RlG=mo,Stupid Developers,1,0,v4.2409.2,2024-03-04 17:25:07,,,v4.2409.2
72fc548c-cdae-4462-aa52-b050565516ea,‚Ä¢Shalyn Oliva‚Ä¢,https://play-lh.googleusercontent.com/a-/ALV-UjWj9x-sbdG66SXovqiZ20q04_psFn6-tRL2rRhD8VcxK1w,The delivery fare is already low you will miss it have mercy on your rider but the adjustment sometimes will not given fix your company,1,0,v4.2409.2,2024-03-04 17:21:40,,,v4.2409.2
ef9a392d-d6db-404a-98bb-9f690217c38a,click 125,https://play-lh.googleusercontent.com/a/ACg8ocIcQ4HxJ7eMzvSMwqNY80ry_lJBlbum-OnJ0tPHZbc8=mo,Sobrang baba na Ng fare.. kahit sobrang TaaS Ng singil nyo Ng Delivery Fee sa customer,1,0,v4.2409.2,2024-03-04 17:18:28,,,v4.2409.2
ff8dc901-563b-428f-95d9-f43e22297e5c,Rex-Al Maranan,https://play-lh.googleusercontent.com/a/ACg8ocLLABXg5LBQt1s7yL6cEoC9ES1AXbE9BAcj4rqzicwk=mo,Lower fare üòûüòûüòû,1,0,v4.2339.0,2024-03-04 16:57:37,,,v4.2339.0
1ee16cee-ee78-4307-8c64-1b68b490a348,Oye,https://play-lh.googleusercontent.com/a-/ALV-UjWEtWnFXLaOgWxRqWzAjKB-mc78dDniRCZfF92Xe_y4Yg,taasan ang fare,1,0,v4.2403.0,2024-03-04 16:39:00,,,v4.2403.0
2a549d3b-610b-4885-ab5f-cbee1426aaf0,Yan Skie,https://play-lh.googleusercontent.com/a/ACg8ocLahFJlj5lSWpR4XHSAfOgYin4crjBNnMr7A2JmcGKx9A=mo,Sobrang baba ng fare tapos hindi nasusunod ang google map rate nya kuno.,1,0,v4.2409.2,2024-03-04 16:37:16,,,v4.2409.2
d3fb9ac7-f515-49ec-b31d-1798dc9d8636,James Kokong,https://play-lh.googleusercontent.com/a-/ALV-UjW4nw0vR-eXwWyPAkp96h7wA_u0c2qR19vbKHRtrwRe9g,cheap fare need improvement,1,0,v4.2409.2,2024-03-04 16:34:14,,,v4.2409.2
614dbfa5-e348-43b1-8a54-0e7ce25c57f8,Bodrul amin Kamil,https://play-lh.googleusercontent.com/a-/ALV-UjUQ_fCtEzCtC46eOPcUDAB6-_cKpAly1R25m0NLFBmZZA,This app hijack money,5,0,v4.2403.0,2024-03-04 16:32:01,,,v4.2403.0
517a4c7a-2f41-4cd3-9d60-3bc376c34daa,Rensel Saloma,https://play-lh.googleusercontent.com/a/ACg8ocJwSf6xIBrNU24wB9ctGY0V1TD5vtg_3cnvYX9uhSkS=mo,hayszzzz,1,0,v4.2409.2,2024-03-04 16:28:54,,,v4.2409.2
8d2a2c56-8b41-4b5c-bc3d-ca9370e3fc79,martin lao,https://play-lh.googleusercontent.com/a/ACg8ocICmsFpENk0-EPCqkZZSe_3d5GKI3nvU5fWo6pcP02U=mo,Low fares. Its unfair to riders.,1,0,v4.2409.2,2024-03-04 16:24:24,,,v4.2409.2
22026d18-9189-4fd3-8ee2-1c85d545de6e,Onil Sanagustin,https://play-lh.googleusercontent.com/a-/ALV-UjWWwwGgzxZCx3vRWkAub5NFoLeAT9ofoSnVj3HKZxP--w,Pag naka3k limit cashblock ka den mawawala shift papangit na ng pangit sistema nyo kawawa ibang delivery riders. Then limit ng CS 5k edi pag pinasukan ibang riders ng 4k or 5k restricted ka na agad ng di pa natatapos ang shift tas mawawala wag ganun üò°üò°üò°,1,0,,2024-03-04 15:55:00,,,
82cbc8c4-1727-4f4b-bd5b-59f5dd411dc6,Anika Tabassum,https://play-lh.googleusercontent.com/a/ACg8ocLMumx36B3hyVaBVkt7EAZGR1BVcRyaQgS_m4FBTpCL=mo,Awesome,5,0,v4.2409.2,2024-03-04 15:48:20,,,v4.2409.2
c058530b-d714-4ee7-a11e-314722ac99eb,Ericson Correa Habal,https://play-lh.googleusercontent.com/a-/ALV-UjVHZwzzxoHLs5wDA6zBtvJAHV_eGsIJKlTBn9gR22lhkOU,Please improve your system and cares about your riders.,1,0,v4.2407.5,2024-03-04 15:32:48,,,v4.2407.5
3eff9eb2-0c8e-4052-84a4-3c5bb1eb3481,Ichiro kimura,https://play-lh.googleusercontent.com/a/ACg8ocI1_4vKiOLIi1pZxmArWOoS5geFq583QWStTtO_mmhC=mo,The fare is not fair to riders. Delivery fee is too high yet the given fare to the riders was so bad. Imagine customer will pay 80+ del fee then rider will recieve 30 pesos. I know business is business but panda has income already with the foods that has extra charge per item. Also the management and company sucks. They cannot understand the voice of the riders. They only listen to customer,1,0,v4.2409.2,2024-03-04 15:32:16,,,v4.2409.2
be77f8a4-2a44-494e-8ce4-417eca2e403c,Ian Azucena,https://play-lh.googleusercontent.com/a-/ALV-UjXbtPdyRDGFnzKuIMzd0fFvZfPxc489m66rwYjScOfMvg,Mababa fare mahina na booking,1,0,v4.2407.5,2024-03-04 15:23:34,,,v4.2407.5
cfd16d46-6005-49d6-9ab2-0c93ef34f3fb,Ranger Nicanorzky,https://play-lh.googleusercontent.com/a-/ALV-UjW49A3cnUeYb05gOullHbD6X16YVRqMDzc4giDdf2VDLKU,Ruthless in Panda rider,1,0,v4.2409.2,2024-03-04 15:15:18,,,v4.2409.2
1d0fa07f-21ec-471f-bdcb-3877395e858d,Enzo Luis Lachama (Pam Chips),https://play-lh.googleusercontent.com/a-/ALV-UjUCEILQG2VecY-HdxqCfWAp2KwgkGBmbsNvcRIjaBn5WN4,1 star. I like when I receive an order but the orders are like 1 and a half hour per order bruh,1,0,v4.2407.5,2024-03-04 15:08:00,,,v4.2407.5
1ecf8205-ba61-45f0-8361-e6fa6f18895f,Arsalan Maqsood,https://play-lh.googleusercontent.com/a/ACg8ocICYjiWWy3aGfSJkFj3QL8mNrnN2KxhSD_neQjYHhfD=mo,Excellent,5,0,v4.2409.2,2024-03-04 15:03:01,,,v4.2409.2
7d88bd5f-df57-4b3b-b8a9-523884dc3c2e,Loryn faye Cruz,https://play-lh.googleusercontent.com/a/ACg8ocJCe5I2Gcn83WjTpJ7rJoORdV5G15yOHM4tBrUZ-6Cq=mo,low fare to our riders partners,1,0,v4.2409.2,2024-03-04 15:00:42,,,v4.2409.2
0bbcd0bf-8ddc-4ca6-9992-b3a6aec1c2f3,Jerico Bayoca,https://play-lh.googleusercontent.com/a-/ALV-UjVgoVDtZQQGALiah-YbJ0wwFtj7X2RkcYWpUACk0wpq_Q,Very Good,1,0,v4.2409.2,2024-03-04 14:47:43,,,v4.2409.2
926d3e6b-390a-4bd5-b4ba-52a3bafdeef8,Jomar Julbitado,https://play-lh.googleusercontent.com/a/ACg8ocKcDz2nVxQOl7Ve5f_aV0pNsvAWAytzWr2HxaEmevx0=mo,NAG KAROON AKO NG 3 MISSED ORDER PERO WALA NAMAN NOTIFICATION NA MAY ORDER AKO!,1,0,,2024-03-04 14:43:28,,,
5cd69a49-7a37-49c5-be60-e5b082e9ae6b,Claynne & Chloe,https://play-lh.googleusercontent.com/a/ACg8ocLQb2BxGkBsgJNSWRMwMq-UxcrH7LgnOPQivkRDebk=mo,Unfair,1,0,,2024-03-04 14:32:55,,,
d17a5901-77fe-4dc9-860c-bd300571d75d,ALY BIRIN,https://play-lh.googleusercontent.com/a-/ALV-UjWFJxOlRDjWWQR7ipGlvzWxTAqJsDOhvILK9LW6bLDo9g,Low fare not fair to riders,1,0,v4.2407.5,2024-03-04 14:31:34,,,v4.2407.5
cf235fe9-92c1-402f-a63f-a41f208f010f,Khim Antoque,https://play-lh.googleusercontent.com/a/ACg8ocI79HjqfqMXDDYlZjFVxzvqba68HBH3E8N7bumMV3FF=mo,Remove 2 percent tax,1,0,v4.2407.5,2024-03-04 14:21:41,,,v4.2407.5
5b89f375-b219-474c-9c75-b6892edcd897,ehdsss,https://play-lh.googleusercontent.com/a-/ALV-UjWHPZfRuAEZwIHswFvSwdrHj7l4CWJe_VFA-eFh4nXVMg,"Too low delivery fare the effort of rider, high gasoline, the heat of sun, rain, delivery fare for your rider is not enough. foodpanda collected high delivery fee on customers but they give to the rider is TOO LOW!",1,0,v4.2409.2,2024-03-04 14:12:06,,,v4.2409.2
e2d42068-25b7-4c6b-b898-3513daa836ef,Joy Diaz,https://play-lh.googleusercontent.com/a/ACg8ocL8NNRb7h-C3LBQq6Dr7sn0BlTkO6KETF4ivkdAWmUd=mo,Can you please back to the normal like remittance goes to the 3000 or 4500 now 2000 only then the remit on time is too fast i have a shift on that time then suspend while im working please explain this???,1,0,v4.2409.2,2024-03-04 14:09:46,,,v4.2409.2
7a02ba18-fe5a-4f00-9076-cab304adcb89,renz apan,https://play-lh.googleusercontent.com/a-/ALV-UjXu7r4qXa3Sdzbl7RMrwgSpmfxegCZCE63YtXIur901MKc,basurang app,1,0,v4.2407.5,2024-03-04 14:07:38,,,v4.2407.5
a7ddda3a-1cb2-4b8b-b92b-c63d283a0ded,jolito seri,https://play-lh.googleusercontent.com/a-/ALV-UjV4eQ70OIKlA9vrCRnwPmPUDiq5vEewaUEOz305EFJdUfw,"The app is bug ang the agent are bullahit, fake bookings are always win and the rider needs to pay the fake bookings because of agent cant understand the situation and the problem of the rider to the fake bookings, luck of booking and still hiring more riders",1,0,v4.2407.5,2024-03-04 14:05:45,,,v4.2407.5
2fe606f3-3882-4a8d-97f3-42a69ea903e7,Mamun Khan,https://play-lh.googleusercontent.com/a-/ALV-UjVUZpNg1sGYPOwpe4Ov4I6iy0IsHsMjNZhgPWOCZcT6c7E,Iam rider,5,0,v4.2407.5,2024-03-04 13:41:27,,,v4.2407.5
30eec70d-a884-44b4-8cd3-86b0877b6905,JaY24aRR Jr,https://play-lh.googleusercontent.com/a-/ALV-UjWI55YoaVJVeML2QWR1KlHC-s97bXwC9-8R0vJwQCi-kQ,worst rider flatform,1,0,v4.2315.0,2024-03-04 13:10:53,,,v4.2315.0
b9c4d556-5b5f-41b8-8d18-0e46e611b562,YeJi JiYa,https://play-lh.googleusercontent.com/a-/ALV-UjX3-3v0Lg91KaoMjPVUuP8acMvZOLIPVzWdJI3ATvkY,sobrang baba nyo mag compute ng fare,1,0,v4.2409.2,2024-03-04 13:08:40,,,v4.2409.2
cf386550-53c8-41e8-ad47-7552224f3286,Jayvee Gutierrez 2019,https://play-lh.googleusercontent.com/a-/ALV-UjVUbEj94eHj7FawwNl4-A8vOaFs9yZfMlKDuQsl43EX,Sobrang baba na ng delivery fee ng Rider taasan nyo naman katulad dati galaw galaw naman mga taga office,1,0,v4.2407.5,2024-03-04 13:04:45,,,v4.2407.5
3ee4dd0c-61cd-41cb-a50c-ac9caa835130,Jeneroso ‚ÄúYNEHXxX TV‚Äù Iway,https://play-lh.googleusercontent.com/a-/ALV-UjXmMv1R97ltY2eSGWyqJbW0qLUlHLcFh4D3fJgwlqQTjH8,easy to use,5,1,v4.2407.5,2024-03-04 12:35:24,,,v4.2407.5
8da589a5-94f1-4223-915b-25e1d4f1d315,Shahbaz khaliq Shahbaz,https://play-lh.googleusercontent.com/a/ACg8ocI6oy1c5ZPCKwZQx4w3lMcpGKAFdXcQBnE1WSWS9iAV=mo,3rd class app vission,1,0,,2024-03-04 12:33:03,,,
852577e3-d0fd-4bca-b3fc-050f967e29b6,tengenemenme wegmele,https://play-lh.googleusercontent.com/a/ACg8ocIzPHybShOTSx7FWgMYaraLzS2QJAUeRsKgT3sPyIPw=mo,No jobs at all you are wasting your time.,1,0,,2024-03-04 12:16:08,,,
cb4aa72b-f818-42f4-800e-7be3e826ac4a,MD Masum Balia,https://play-lh.googleusercontent.com/a/ACg8ocKfWf2xQsmGgNErZ341BBQ0FCIdeEH2Fpv3t692TUxY=mo,good,5,0,v4.2407.5,2024-03-04 11:51:44,,,v4.2407.5
ed82306a-bc7a-42d2-bf0f-3533852ac651,Patricio Sabejon jr.,https://play-lh.googleusercontent.com/a/ACg8ocLSdfQTakMkTp4qIKSt56innXSEZcWAT6JRiNx-eSCh=mo,more orders to come....,5,2,v4.2407.5,2024-03-04 11:32:43,,,v4.2407.5
75bc4658-4db5-4e0b-b219-0ce14d82823d,Jake Batalon,https://play-lh.googleusercontent.com/a/ACg8ocIMgfEs2jbQHqqSH40Ypz9LlDVp3mtTQcVz2K7sZPFw=mo,The fare of the rider is very low,1,0,,2024-03-04 11:06:32,,,
224db8fe-b9d2-4d4f-abc6-d1e348d750c8,Tolbo Jude,https://play-lh.googleusercontent.com/a-/ALV-UjV_pbiJujjGJua4-gwrxJZuezNyHrKTAH5haan22ERi1jg,So hard to rtv they not care about the rider,1,0,v4.2409.2,2024-03-04 10:10:52,,,v4.2409.2
5e2e41e6-75cd-46de-a813-f4763f21cc03,Mark Lorenz Macayan (Toybitz),https://play-lh.googleusercontent.com/a-/ALV-UjU6B430kcmiwUEAr6waWvt1GLLcPe2XLy1wL0a2ugQ1hA8,This app will make you a slave.,1,0,v4.2349.4,2024-03-04 10:03:01,,,v4.2349.4
d02f0ce1-5cc9-44a2-af0a-ff33d6acd896,Dan Luis Berwinson Aquino,https://play-lh.googleusercontent.com/a-/ALV-UjWQdQn5FP53S7igCx0hfA5vVmQqdRITB6dYTFaZq5Z1DLw,UNFAIR ANG FARE SA AMING MGA FODPANDA RIDERS. BUWIS BUHAY KAMI SA PAGDEDELIVER NG PAGKAIN NYO SA BARYA BARYANG KITA EVERY DELIVER. MAS MALAKI PA KITA NI FOODPANDA KESA SA RIDERS EH DI NAMAN SILA ANG NAGHIHIRAP AT NAGBUBUWIS NG BUHAY SA KALSADA PAGMAMANEHO.. UNFAIR ANG FARE..,1,0,v4.2407.5,2024-03-04 09:28:12,,,v4.2407.5
a959cd92-867c-4ecb-8cdd-e9f739b091ee,Giran Godines,https://play-lh.googleusercontent.com/a/ACg8ocJSho9EBYrouNqe8FIKOueV2ZbwfzYCPWzJCa8ynUd1=mo,Masyado na mababa ang fare. Kumukupit pa sa Tip.,1,0,v4.2407.5,2024-03-04 09:17:46,,,v4.2407.5
c6733012-549f-40be-94ce-a032adddeb03,Ryanjoseph Abante,https://play-lh.googleusercontent.com/a/ACg8ocIXD1c2LCCjrTuKiqBcpD_TOiPaGsUn-NKBttx_XXYV=mo,Ginagawang kupal yung mga rider nya ahhahaha,1,0,v4.2407.5,2024-03-04 09:08:59,,,v4.2407.5
